,state,latitude,latitude,classification,title,date
10,New Hampshire,43.41549,43.41549,Class A,Report 55269: Dawn sighting at Stevens Brook outside Claremont,2016-06-07
21,New Jersey,40.89452,40.89452,Class B,Report 49883: Recollection of a possible late night stalking on Waterloo Road in Allamuchy,2015-10-02
32,Ohio,39.42635,39.42635,Class B,Report 26830: Group finds possible Bigfoot track in Wayne National Forest - w/photos of track and cast,2009-10-31
34,Rhode Island,41.432,41.432,Class A,Report 6643: Mother and son see sasquatch closeup from road,1978-07-15
55,Montana,45.7922,45.7922,Class B,Report 50297: Horse boarder hears possible vocalizations late at night west of Belgrade,2015-11-26
56,Montana,45.61331,45.61331,Class B,Report 51959: Possible tracks found along hiking trail outside Bozeman,2016-05-30
67,Montana,47.43904,47.43904,Class A,Report 65664: Sighting by trucker on Hwy 90 at Lookout Pass outside Tammany,2020-04-15
68,Montana,47.03222,47.03222,Class C,Report 1649: Witnesses hear two powerful vocalizations near their property on the Flathead Reservation,1989-07-13
69,Montana,47.06032,47.06032,Class A,Report 9873: Woman reports sighting at the edge of backyard,2004-07-20
75,Montana,46.93335,46.93335,Class B,"Report 59607: Campers describe stalking, rock-throwing and snapped trees in Lolo National Forest",2018-06-19
95,North Carolina,35.0554,35.0554,Class B,Report 26013: Deer hunter finds possible footprint near Ellerbe,2008-10-18
98,North Carolina,35.33783,35.33783,Class A,Report 64024: YESTERDAY motorists in Smoky Mts. observe a Bigfoot along Little Tennessee River,2020-01-31
100,North Carolina,36.0055,36.0055,Class A,"Report 67749: Deer hunter sees tree shaking, then see the large shaker, outside Wilkesboro",2019-11-18
105,North Carolina,34.3924,34.3924,Class B,Report 3336: Person awakes to a 'howling' or 'wailing' sound just outside the house; he compares the sound to a recorded howl of a bigfoot,1998-03-31
124,North Carolina,35.6644,35.6644,Class A,Report 63252: Ongoing incidents in North Cove outside Asheville,2016-12-24
129,North Carolina,35.25048,35.25048,Class B,Report 67540: Gold panner reports rocks thrown in frequent sighting zone within Uwharrie National Forest,2014-04-15
133,North Carolina,35.24749,35.24749,Class A,Report 65677: Road crossing sighting on Hwy 109 near Mt. Gilead and Uwharrie National Forest,2020-06-18
137,North Carolina,34.53784,34.53784,Class A,Report 9750: Motorist observes bipedal animal shaking a pecan tree near Camp LeJeune.,1999-07-16
138,North Carolina,34.40434,34.40434,Class A,Report 24334: While training a U.S. Marine witnesses a large creature near Camp LeJuene,2005-02-10
160,North Carolina,35.2725,35.2725,Class B,Report 69464: Large trees shaking 15 miles SW of Asheville,2016-06-15
162,North Carolina,35.78043,35.78043,Class B,Report 41506: Fisherman reports possible sightings and activity around Lake James,2013-06-26
166,North Carolina,35.95815,35.95815,Class B,Report 18943: Possible pre-dawn approach to property outside Winston-Salem,2007-05-03
169,North Carolina,35.53467,35.53467,Class B,Report 69269: Possible sighting of a Sasquatch on Blue Ridge Parkway at overlook near Masonic Monument,2021-05-30
170,North Carolina,35.36,35.36,Class B,"Report 2054: Tracks found before Christmas, near Hendersonville",2000-12-19
176,Nebraska,41.134,41.134,Class A,Report 7809: Teen has nighttime sighting near Fontenelle Forest,2005-01-06
183,Nebraska,41.238,41.238,Class A,Report 12482: Various sightings by residents near the Missouri River,2005-08-13
196,New Jersey,40.7446,40.7446,Class A,"Report 2750: Driving along a secluded road at night, couple's car almost strikes creature crossing road",2004-04-23
208,New Jersey,40.478,40.478,Class A,Report 2271: Night time sighting by New Brunswick resident near Lawrence Brook,2005-12-11
210,New Jersey,40.9934,40.9934,Class A,"Report 12065: Group observes animal in daylight, one mile from Federal Hill near Riverdale",2005-12-10
212,New Jersey,40.9427,40.9427,Class B,Report 21977: Possible Wood Knock Interaction at Wildcat Ridge near Rockaway,2007-11-09
214,New Jersey,41.01941,41.01941,Class A,Report 29139: Afternoon sighting while hiking at Mahlon Dickerson Reservation,2013-02-15
219,New Jersey,39.934,39.934,Class B,Report 15062: Possible intimidation in the Pine Barrens,2006-07-27
224,New Jersey,41.1445,41.1445,Class B,Report 16248: Possible vocalization heard by fisherman at Monksville Reservoir,2007-01-15
225,New Jersey,39.70852,39.70852,Class A,Report 40462: Night time road crossing near Woodstown,2012-12-29
226,New Jersey,40.45815,40.45815,Class A,Report 63569: Teens observe a Bigfoot in daylight on a gas line route between Hillsborough and East Amwell townships,2008-07-25
237,New Jersey,41.29453,41.29453,Class B,Report 49096: Campers have possible encounter while staying in High Point State Park,2015-06-23
238,New Jersey,41.17838,41.17838,Class B,Report 39329: Trio remember observing a tall biped figure by a golf course in Vernon,2015-10-02
245,New Hampshire,43.28556,43.28556,Class B,Report 1975: Couples hears late night scream in Loudon,2001-01-10
279,New Mexico,36.90237,36.90237,Class B,Report 69437: Possible Sasquatch wood knocks in forested riverbed beside Chama during lockdown,2020-07-20
290,New Jersey,40.16465,40.16465,Class A,Report 11168: Late night sighting by motorists in Crosswicks,2005-12-10
293,New Jersey,39.8234,39.8234,Class B,Report 14232: Possible Nightime Encounter In Wharton State Forest,2006-04-07
298,New Jersey,39.7784,39.7784,Class A,Report 63235: Motorist spots juvenile sasquatch near Speedwell entrance to Franklin Parker Preserve,2019-06-20
301,New Jersey,39.22348,39.22348,Class B,Report 55961: Men see upright creature walking in front of a home at dusk near Ocean City,2016-11-16
304,New York,43.27314,43.27314,Class A,"Report 26566: Man observes tall, white hair-covered creature during a family gathering near Lake Ontario",2003-09-20
307,New York,42.40489,42.40489,Class B,Report 7890: Two hunters experience vocalizations and encounter very large unknown animal,2001-01-01
318,New York,43.2265,43.2265,Class B,"Report 7939: Powerful vocalizations heard near town of Albion, NY",2002-08-22
324,New York,41.49887,41.49887,Class B,Report 65469: Knocks heard from Great Croton Swamp south of Pawling,2020-05-17
335,New York,42.33473,42.33473,Class A,Report 68932: Resident observes a sasquatch near homes at 2-3am on the outskirts of Bath,2012-11-15
336,New York,42.1174,42.1174,Class A,Report 10136: Close roadside observation of female upright animal along country road,2001-10-22
350,New York,43.55915,43.55915,Class A,Report 59838: Motorist sighting at night approx 2 miles from NY/VT state line outside Whitehall,2018-08-07
361,New York,43.00972,43.00972,Class B,Report 57998: Strange occurrences remembered that happened at a golf course in Syracuse,2017-10-06
362,New York,43.1546,43.1546,Class B,Report 27035: Man recounts childhood incident at his home on Oneida Lake,1972-10-28
363,New York,43.19501,43.19501,Class A,Report 12709: Daylight sighting by hiker outside Middleport,2002-09-21
377,New York,41.59773,41.59773,Class B,Report 23856: Campers hear and see possible bigfoot pass by tents on Nuclear Lake,2007-07-15
394,New York,43.2696,43.2696,Class B,Report 8905: Three men have a late night encounter with a bi-pedal figure,2005-07-27
395,New York,42.67993,42.67993,Class B,Report 68896: Two hunters hear definite sasquatch wood knock on West River 2 miles SW of Middlesex,2020-10-15
408,Ohio,41.1462,41.1462,Class B,Report 5262: Woman see's a large bear like thing standing next to dumpster. The next day she finds large human like five toed tracks where it was standing heading into the woods,1997-11-01
424,Ohio,40.74065,40.74065,Class A,"Report 2850: Two friends witness tall, hairy creature drinking from a pond",1995-02-15
425,Ohio,40.77789,40.77789,Class A,Report 1851: Two men see see a hairy creature running into woods,2001-02-24
428,Ohio,41.29621,41.29621,Class A,Report 15885: Possible confrontation with hikers at night in Cuyahoga Valley National Park,1995-01-04
430,Ohio,41.23638,41.23638,Class A,Report 5267: Young teenager has two sightings less than two months apart in a ravine behind her home,1998-10-01
432,Ohio,41.2584,41.2584,Class A,Report 25715: Man recalls early evening sighting near Brandywine Ski Resort,2005-09-14
435,Ohio,41.23739,41.23739,Class A,Report 31852: Daylight sighting behind a home in Cuyahoga National Park,2011-06-04
438,Ohio,41.23925,41.23925,Class A,Report 71997: 4:45am road crossing sighting of a Sasquatch 18 miles south of Cleveland,2019-05-28
439,Ohio,41.36755,41.36755,Class A,Report 4978: Prints found following sighting near Mosquito Lake,2000-02-01
452,Ohio,39.42606,39.42606,Class B,Report 65393: Possible knock heard from Little Miami Bike Trail near Ft. Ancient,2020-04-12
456,New York,42.15947,42.15947,Class A,Report 13288: Daylight sighting by turkey hunter near Napoli,2004-10-15
457,New York,42.06832,42.06832,Class A,Report 63279: Couple observes a Bigfoot outside cabin window in Allegany State Park,2013-07-23
461,New York,44.66399,44.66399,Class B,Report 14035: Possible night time sighitng  by motorist on Chazy Lake Road outside Saranac,2005-02-15
462,Ohio,41.29247,41.29247,Class A,Report 58458: Daytime road crossing on State Route 19 just outside of Fremont,2017-10-28
474,Ohio,39.9784,39.9784,Class B,"Report 257: Mother describes possible observations by children near Tipp City, along Miami River",2000-09-01
475,Ohio,41.02572,41.02572,Class A,"Report 8587: A childhood encounter just outside of Wadsworth, Ohio",1976-09-01
480,Ohio,41.12884,41.12884,Class B,Report 25724: Possible sighting at dusk on family property outside Youngstown,2006-04-01
482,Ohio,41.11447,41.11447,Class B,Report 40715: Possible daylight sighting by a passenger traveling along I-80 over the Meander Creek Reservoir,2012-03-24
483,Ohio,40.94825,40.94825,Class A,Report 58702: Coyote hunter's possible encounter with white furred juvenile.,2013-11-12
484,Ohio,40.91197,40.91197,Class B,Report 69469: Couple returning home spots a bigfoot crossing their driveway outside Columbiana,2021-07-17
485,Ohio,41.09302,41.09302,Class B,Report 4960: Sighting by motorists along Poe Rd,1978-09-30
488,Ohio,41.06648,41.06648,Class A,Report 7973: A young teen sees a hairy creature on the family farm while riding his bike.,2001-09-25
489,Ohio,41.03,41.03,Class A,Report 6330: A man standing on his back porch watches a large hair covered creature run down the railroad tracks and jump down into the brush,2003-05-01
490,Ohio,41.11417,41.11417,Class B,Report 42022: Possible nighttime encounter near Spencer leaves three men startled,2013-04-13
491,Ohio,41.22248,41.22248,Class B,Report 41774: Woman is startled after seeing a face with yellow eyes peering into her kitchen window near Valley City,2013-06-25
492,Ohio,39.89172,39.89172,Class A,"Report 7718: Four teens camping hear grunting or snorting, observe creature walk from corn field into the woods",2003-09-03
498,Ohio,40.4764,40.4764,Class A,"Report 3293: Three fox hunters witness a ""Freak of nature bear"" step over a fence and walk into a thicket.",1978-01-01
501,Ohio,40.50945,40.50945,Class A,Report 10863: Two young men have a sighting while tending a campfire near Cardington.,2005-01-13
504,Ohio,40.01209,40.01209,Class B,Report 50393: Two deer hunters experience a likely week-long encounter near Nashport,2015-12-01
509,Ohio,39.63255,39.63255,Class A,Report 67875: Sighting by dog walker and more recent incident on Stone Church Trail (Wayne NF) NW of Shawnee,2020-02-15
510,Ohio,39.59607,39.59607,Class A,Report 67239: Cabin renters have sighting outside Logan in Wayne National Forest,2020-10-31
516,Ohio,41.06499,41.06499,Class B,Report 4969: Silhouette seen protruding above brushline near Mogadore Reservoir.,1983-07-31
517,Ohio,41.15845,41.15845,Class B,Report 12736: Student hears vocalization near the Cuyahoga River,1986-04-16
519,Ohio,41.16187,41.16187,Class B,Report 7832: A man has heard similar cries in the night for over 15 years that were noted in another BFRO report from the same location,1987-07-01
520,Ohio,41.15384,41.15384,Class A,Report 28820: Man recounts sighting from his teens near Edinburg,1994-02-12
525,Ohio,41.13356,41.13356,Class A,"Report 7224: Ongoing Encounters with ""Fang"" on old family land",2003-10-10
526,Ohio,41.3235,41.3235,Class B,Report 5406: A family is hearing howling behind their home identical to the howls on the BFRO website,2003-11-02
538,Ohio,40.61236,40.61236,Class A,Report 4973: Tracks and vocalizations lead to sighting by trappers in Bellville area,1998-09-01
542,Ohio,40.00915,40.00915,Class A,Report 4953: Family has sighting on farm along Headleys Mill Road,1968-08-01
547,Ohio,41.0672,41.0672,Class B,"Report 11248: A series of sound reports, footprint finds and a sighting from a family living near New London.",1999-08-01
556,Ohio,41.44442,41.44442,Class A,"Report 8836: Brothers have sighting in their backyard during the ""Blizzard of 1978.""",1978-02-05
557,Ohio,41.47349,41.47349,Class A,Report 3301: Daytime sighting in a wooded area a few miles east of Interstate 271,1980-08-15
558,Ohio,41.39803,41.39803,Class A,Report 3248: Bainbridge (Chagrin Falls) Ohio resident reports multiple sightings,2001-10-26
559,Ohio,41.5325,41.5325,Class A,Report 4762: Woman has two evening encounters twenty years apart,2002-08-04
562,Ohio,41.50086,41.50086,Class B,Report 15088: Possible approach at night near Chesterland,2005-08-14
565,Ohio,39.6543,39.6543,Class B,Report 40619: Possible daylight sighting while walking a dog on a bikeway near Jamestown,2013-03-16
575,Ohio,40.11682,40.11682,Class B,Report 31439: Possible rock throwing display while night fishing at Salt Fork State Park,2010-07-18
577,Ohio,40.12719,40.12719,Class B,Report 41452: Couple flees their camp site after a possible late night encounter at Salt Fork State Park,2013-06-17
578,Ohio,40.14003,40.14003,Class B,Report 56800: Possible sighting and casting of a print near Hosak's Cave in Salt Fork State Park,2017-02-12
580,Ohio,40.01452,40.01452,Class B,Report 69398: Two men find unusual brush structure while deer hunting 10 miles east of Cambridge,2021-07-06
581,Ohio,40.6559,40.6559,Class A,Report 8446: Three motorists have early morning road sighting near Hardin/Allen county line,2004-03-25
585,Ohio,40.24786,40.24786,Class B,Report 34664: Fishermen describe nightime encounter at Clendening Lake near Buckeye Trail,2012-03-19
586,Ohio,40.16912,40.16912,Class B,Report 63140: Multiple encounters near an old strip mine just outside of Harrisville.,2020-02-06
587,Ohio,40.26059,40.26059,Class B,Report 30548: Two fisherman hear commotion of a roaring animal on brushy bank of Clendening Lake,2020-02-16
589,Ohio,40.40611,40.40611,Class A,Report 50856: Hunters encounter an 8' tall Bigfoot near Scio while clearing trails.,2020-02-29
591,Ohio,40.40192,40.40192,Class A,Report 37793: Family reports several encounters over several months on the outskirts of Scio,2021-02-03
600,Ohio,40.59307,40.59307,Class B,Report 41270: Possible daylight sighting while driving in farm country near Nashville,2013-05-27
602,Ohio,41.06939,41.06939,Class B,Report 49614: Strange game camera photo leads to finding possible footprints outside of New London,2015-08-24
606,Ohio,40.39103,40.39103,Class A,"Report 4951: Young hunter has sighting, accompanied by knocking sounds, near Wintersville",1997-09-30
607,Ohio,40.3725,40.3725,Class B,Report 8006: Strange vocalizations heard near a ravine just outside of Steubenville.,2001-06-01
608,Ohio,40.42591,40.42591,Class A,Report 8785: Family has series of experiences north of Steubenville off of State Route 213,2004-05-01
609,Ohio,40.29771,40.29771,Class A,"Report 49653: Two incidents, years apart, one auditory, one visual, near Smithfield",2020-08-14
610,Ohio,40.36887,40.36887,Class B,Report 69490: Missing chickens lead to discovery of large footprints by chicken coop near Bloomingdale,2021-07-24
614,Ohio,41.40985,41.40985,Class A,"Report 49813: Woman remembers being shocked to see a running, hairy biped in her backyard in Elyria",1985-08-15
616,Ohio,39.74107,39.74107,Class A,Report 7936: Three people driving slow down to witness a dark biped walking toward the wood line near the Rock Mill Wildlife area,2000-06-29
621,Ohio,39.03501,39.03501,Class B,Report 26149: Fishermen experience possible early morning vocalizations and rock throwing at East Fork Lake,2009-06-16
633,Ohio,40.10084,40.10084,Class B,"Report 65305: LAST WEEK: Fishing couple reports whoops, bipedal footfalls, tree pushover while night fishing in Egypt Valley.",2020-04-11
636,Ohio,39.37215,39.37215,Class A,Report 4672: Midnight sighting by two witnesses near Okeana,2001-06-06
639,Ohio,40.71737,40.71737,Class A,Report 11771: A young man hears vocals and has a sighting north of Malvern,2005-05-30
642,Ohio,39.92104,39.92104,Class A,"Report 1750: Large furry head about 12"" by 18"" looked in the back door.",1993-09-15
644,Ohio,39.86096,39.86096,Class A,"Report 1755: Driver sees a tall (about 7-8ft), fur covered biped along roadside",2000-10-15
652,Ohio,40.76533,40.76533,Class A,"Report 4306: Sighting at a home on Duke Vodrey Rd., above Beaver Creek.",1980-06-01
653,Ohio,40.69334,40.69334,Class B,Report 12220: Possible approach to a dwelling between Calcutta and East Liverpool,1980-06-15
655,Ohio,40.72943,40.72943,Class B,"Report 7493: Outdoor photographer hears a howl/scream on two separate occasions that were identical to the sounds on the ""Sightings"" television show.",1997-10-01
658,Ohio,40.725,40.725,Class B,Report 15969: Possible daylight sighting on horse trail in Beaver Creek State Park,2007-01-10
659,Ohio,40.73206,40.73206,Class B,Report 46834: Camper has possible early evening sighting in Beaver Creek State Park,2008-06-14
665,Ohio,40.25597,40.25597,Class B,"Report 3535: Two witnesses find animal carcasses in possible display arrangement, near Coshocton on the Woodbury Wildlife Refuge",2001-04-15
666,Ohio,41.2625,41.2625,Class A,Report 2902: Man in boat spotting deer witnesses a three to four foot tall biped walking on a log followed by a scream,1998-05-24
672,Ohio,39.6279,39.6279,Class A,"Report 63981: Two witnesses to road crossing Sasquatch, 23 miles south of Columbus, near Stoutsville",2020-01-20
676,Ohio,38.79833,38.79833,Class A,"Report 3686: Another nighttime incident near Hoadley, off Hoadley Road (Wayne Nat. For.)",1998-05-25
686,Oklahoma,35.56637,35.56637,Class B,Report 23628: Possible tracks found in yard north of VIan,2008-04-18
688,Oklahoma,36.18889,36.18889,Class A,Report 7062: Woman has sighting through dental office window.,2003-10-09
703,Oklahoma,36.37919,36.37919,Class B,Report 66198: Possible knocks heard by hunter before sunrise NE of Collinsville,2020-10-16
707,Ohio,39.11929,39.11929,Class B,Report 30369: Photo of a possible footprint taken by campers in the Fort Hill Area,2011-08-08
713,Ohio,40.60787,40.60787,Class A,Report 5333: Man recalls being picked up as a child in Mohican Memorial Forest,2004-08-29
715,Ohio,40.8557,40.8557,Class A,Report 69065: Recent encounter behind Warehouse 24 Gym on the outskirts of Ashland,2021-04-24
716,Ohio,40.81139,40.81139,Class B,Report 69411: Long distance daylight sighting by farm owner 5 miles south of Ashland,2021-06-09
717,Ohio,40.61309,40.61309,Class B,Report 71751: Possible sighting in Mohican State Park near Loudonville,2021-06-18
720,Ohio,41.72134,41.72134,Class A,"Report 1117: Daytime sighting by two witnesses, near Geneva, at the end of Timberwoods Rd",2000-12-28
768,Oklahoma,34.4415,34.4415,Class B,Report 65284: Campers awoken by loud knocks around 4am near Talemina Scenic Drive,2020-04-03
770,Oklahoma,35.68081,35.68081,Class B,Report 59414: Family fishing is roared at in Logan County,2003-05-16
776,Oklahoma,34.36778,34.36778,Class A,"Report 25703: Experienced hunter decribes a brief standoff at approx. 80 yards, in daylight, near Smithville",2009-03-25
778,Oklahoma,34.0775,34.0775,Class B,Report 67746: Couple describes strange loud animal vocalization near Beavers Bend State Park,2020-10-26
780,Oklahoma,35.7575,35.7575,Class A,Report 8591: Oil well owner and rig hand have road crossing encounter.,2004-05-03
785,Oklahoma,36.03501,36.03501,Class A,Report 26554: Man has nighttime sighting of two bipedal creatures behind his home near Mannford,2009-09-08
800,Oregon,45.91665,45.91665,Class B,Report 24371: Young male hiker experiences strange events and finds possible tracks at a campground in the Blue Mountains,2009-02-11
811,Oregon,45.48204,45.48204,Class A,Report 1829: Motorist witnesses two-legged man-like creature in field just off Hillsboro highway,2000-10-15
816,Oklahoma,35.33389,35.33389,Class A,Report 6513: Daylight road crossing sighting by motorist in Cogar,2003-06-13
846,Oregon,44.9723,44.9723,Class A,Report 9604: Campers have several visual encounters,2004-09-15
859,Oregon,45.38736,45.38736,Class B,Report 22742: Hikers hear possible vocalizations near Cascade Locks along the Columbia River,2008-05-23
883,Oregon,42.125,42.125,Class B,Report 24892: Father and son hear strange sounds while camping near Oregon Caves,2009-03-02
890,Oregon,42.23865,42.23865,Class B,Report 13597: Possible vocals heard near Klamath Lake,2006-01-16
906,Oregon,44.05917,44.05917,Class B,Report 50901: Still hairy figure seen in a field by a motorist near Springfield,2016-01-20
917,Oregon,44.915,44.915,Class A,Report 15067: Brief daylight sighting by hunter near Silver Creek Falls State Park,1995-10-15
922,Oregon,45.11259,45.11259,Class B,"Report 16624: Couple south of Aurora hears repeated screams, encounter with dog.",2006-11-13
923,Oregon,45.5145,45.5145,Class A,Report 7789: Members of Job Corps group have several encounters,1979-10-15
926,Oregon,45.55364,45.55364,Class A,"Report 3624: Nighttime sighting by motorist on I-84, west of Multnomah Falls",2002-01-09
930,Oregon,44.86875,44.86875,Class B,Report 3633: Hunters find track in mountains above Falls City,2000-10-15
934,Oregon,45.0608,45.0608,Class A,Report 7537: Sasquatch crosses road in Coast Range in front of car,2003-12-08
937,Oregon,45.75449,45.75449,Class A,Report 2102: Two hikers have early morning sighting near Tillamook,1997-09-13
940,Oregon,45.7351,45.7351,Class B,"Report 102: Couple hears unknown howl, later finds possible deformed track",2000-08-19
952,Oregon,45.48318,45.48318,Class B,Report 31488: Woman describes possible encounter while elk hunting near Pilot Rock,1998-10-15
955,Oregon,45.46571,45.46571,Class A,Report 5505: Rural Oregon resident sees a bigfoot look into the window,2002-12-17
958,Oregon,45.66721,45.66721,Class B,"Report 57323: Memory of hearing the ""Umatilla Screamer"" on Indian Reservation",2012-11-07
959,Oregon,45.45024,45.45024,Class B,"Report 65970: Camper hears vocalizations near Meacham, region with history of ""Umatilla Screamer.""",2020-08-12
964,Oregon,45.82565,45.82565,Class B,Report 7957: Two hunters hear repeated loud screams.,2003-11-09
965,Oregon,46.2262,46.2262,Class A,Report 11147: Storm watchers on tower observe animal on beach.,1978-02-15
976,Pennsylvania,41.7655,41.7655,Class A,Report 8633: Trucker has nighttime sighting on Denton Hill east of Coudersport,2004-05-09
979,Pennsylvania,41.79985,41.79985,Class B,Report 25085: Woman witnesses eyes peering into her living room near the rural town of Montrose,2008-12-19
983,Pennsylvania,40.5258,40.5258,Class A,Report 14677: Late night road crossing near Apollo,2006-09-02
990,Oregon,44.50455,44.50455,Class B,Report 26137: Family hears whooping sounds while hiking Marys Peak,2009-06-13
1003,Oregon,45.03255,45.03255,Class B,Report 85: 16 year old has strange experience walking home,2000-06-08
1004,Oregon,45.40023,45.40023,Class B,Report 187: Unusual vocalization heard near Sandy,2000-07-22
1005,Oregon,44.97487,44.97487,Class B,"Report 1986: Hikers make track find on Table Rock Creek, Oregon",2001-03-18
1006,Oregon,45.33175,45.33175,Class A,Report 3441: Oregon resident near Mt. Hood catches glimpse of a bigfoot in his neighborhood,2001-11-29
1007,Oregon,45.3207,45.3207,Class B,Report 14841: Possible approach to a property on the edge of the Salmon Huckleberry Wilderness,2003-02-15
1023,Oregon,46.03193,46.03193,Class B,Report 24328: Possible vocalizations heard at a campground near Seaside,2008-08-01
1024,Oregon,45.7492,45.7492,Class B,"Report 9204: While scouting, hunter hears morning vocalization west of Scappoose",2004-08-06
1032,Oregon,43.27402,43.27402,Class B,"Report 67380: During day trip to mountains, couple hear branch breaks, rocks thrown while repairing vehicle, near Coquille.",2020-04-15
1070,Oregon,43.61538,43.61538,Class B,Report 25533: Two men mushroom picking find large footprint and snapped tree near Elkton,2006-11-15
1075,Pennsylvania,41.21365,41.21365,Class A,Report 48013: Memory told of a close daylight encounter behind a home outside Sandy Lake,1978-10-15
1082,Pennsylvania,40.33498,40.33498,Class B,Report 69564: Witnesses hear multiple wood knocks while night fishing near Mt. Union,2021-08-12
1086,Pennsylvania,41.47511,41.47511,Class B,Report 6836: Early afternoon vocalization heard by four people,1980-07-03
1087,Pennsylvania,41.51954,41.51954,Class A,"Report 51283: ATV rider has broad daylight encounter, rocks thrown near Marienville",2010-06-05
1100,Pennsylvania,41.73315,41.73315,Class B,Report 49903: Several possible incidents over the years in the Allegheny National Forest,2006-01-01
1109,Pennsylvania,41.91826,41.91826,Class A,Report 11506: Youth watches while bipedal creature pushes down trees,1977-10-15
1124,Pennsylvania,40.357,40.357,Class A,Report 11228: Two teenagers have a surprise encounter in mid - 80's,1985-06-15
1130,Pennsylvania,40.6166,40.6166,Class A,Report 14707: Man recalls childhood sighting near Allison Park,2008-01-27
1132,Pennsylvania,40.60946,40.60946,Class B,"Report 65880: ""Ohio howls"" heard not far from where recording was obtained in 1994",2020-04-11
1135,Pennsylvania,40.37726,40.37726,Class A,Report 21962: Bow Hunter Encounters Strange Creature near Argus,2007-10-24
1138,Pennsylvania,40.94997,40.94997,Class B,Report 48575: Fisherman on Lake Arthur startled by series of possible wood knocks and rock clacks,2015-05-01
1139,Pennsylvania,40.92895,40.92895,Class B,"Report 70716: Knocks and responses heard near Muskrat Cove campground, Moraine State Park",2016-08-15
1145,Pennsylvania,41.34404,41.34404,Class B,Report 28580: Objects thrown and banging on a cabin east of Jericho,2008-10-16
1149,Pennsylvania,41.12782,41.12782,Class A,Report 24731: Brief sighting by motorist on Rt. 80 just west of the town of Clearfield,2008-09-13
1171,Alaska,61.09085,61.09085,Class B,Report 8792: Four nocturnal hikers get pelted with snow near Anchorage,2003-12-12
1182,Alabama,33.21145,33.21145,Class A,Report 6938: Tracks and feces found in freshly turned field,2003-08-30
1184,Alabama,33.37095,33.37095,Class A,Report 44849: Sightings at night in the same area off Bone Camp Road near Northport,2014-12-27
1189,Alabama,31.24305,31.24305,Class A,Report 65679: Afternoon sighting of a bigfoot by motorist on Hwy 17 just north of Deer Park,2020-04-16
1195,Alaska,64.89139,64.89139,Class A,Report 26604: Daytime sighting of reddish-colored bigfoot near Fairbanks,2009-07-15
1197,Alaska,55.4555,55.4555,Class B,Report 8797: Two boys find footprints on Harris River bank,2001-05-13
1198,Alaska,55.2035,55.2035,Class A,Report 7963: Sasquatch walks past window of house at night,2004-02-09
1209,Alabama,32.31435,32.31435,Class A,"Report 179: Man and witnesses have two seperate sighting, 1st while fishing, 2nd while driving",1981-09-15
1210,Alabama,31.85,31.85,Class B,Report 15473: Possible stalking on mountain outside Troy,2007-08-26
1216,Alabama,34.95605,34.95605,Class A,Report 416: A resident's early evening sighting next to his home near New Market,1983-11-15
1220,Alabama,32.6825,32.6825,Class B,Report 18033: Possible stalking of couple parked at power line cut outside Opelika,2002-05-30
1222,Alabama,33.41574,33.41574,Class A,Report 35475: Daylight road crossing near Vernon,2012-05-21
1227,Alabama,34.9263,34.9263,Class A,Report 451: Young man has sighting near home,1993-08-20
1230,Alabama,34.7325,34.7325,Class A,Report 7235: Recollection of an afternoon sighting on Green Mountain,2004-05-28
1231,Alabama,34.71139,34.71139,Class A,Report 25559: Exec on business trip has sighting from balcony of hotel near Huntsville,2009-02-24
1233,Alabama,34.55946,34.55946,Class B,Report 25111: Ohio howl type vocalizations for several hours in early morning near Lacey's Spring,2008-11-28
1241,Alabama,31.00002,31.00002,Class A,Report 15102: Daylight sighting by hunter near the Alabama / Mississippi border,2006-07-06
1244,Alabama,31.35,31.35,Class B,Report 22899: Possible daylight encounter on Fort Rucker Army Base,2008-01-19
1250,Alabama,33.46345,33.46345,Class B,Report 22969: Camper Awakened by Loud Wood Knocks in Talladega National Forrest,2008-01-19
1256,Alabama,31.20325,31.20325,Class B,Report 24451: Two friends have a possible nighttime sighting on a rural road outside Madison,2008-08-31
1259,Alabama,33.64341,33.64341,Class A,Report 67423: Sighting of a Sasquatch crossing forest road off I-20 near AL/GA state border.,2020-06-15
1260,Alabama,34.70112,34.70112,Class A,Report 27568: Daylight sighting of a Bigfoot outside Muscle Shoals,2005-01-12
1264,Alabama,31.29,31.29,Class B,Report 8635: Possible repeat approaches to a rural residence at night outside OPP,2007-09-12
1273,Alabama,33.1,33.1,Class B,Report 21714: Rescue workers describes possible stalking on the Cahaba River outside Montevallo,2007-09-12
1276,Alabama,32.4456,32.4456,Class B,Report 1783: Night hunters hear strange screams in the woods,1985-08-15
1277,Alabama,30.31786,30.31786,Class B,Report 71896: LAST SUNDAY: Possible road crossing sighting of a sasquatch 5 miles NE of Gulf Shores,2021-11-21
1279,Alabama,33.89833,33.89833,Class A,Report 50178: Recollection of a roadside sighting of a white Bigfoot near Blount Springs,2014-01-14
1282,West Virginia,37.58135,37.58135,Class A,Report 13237: Daylight sighting near an abandonned mining chamber near Amigo,2005-12-03
1283,Vermont,43.4654,43.4654,Class A,"Report 13285: Evening sighting by motorists on Tyson Road, off Route 100, outside Ludlow",2005-10-08
1286,South Dakota,43.35851,43.35851,Class A,Report 5173: Large bipedal animal frequently observed by a South Dakota family,2002-12-04
1293,Maine,44.6908,44.6908,Class B,Report 51005: Trail camera captures unknown creature on hunting property near Burnham,2016-01-30
1296,Maine,43.2045,43.2045,Class B,Report 56798: Possible track way found in the snow in Vaughn Woods State Park east of Dover,2017-02-14
1300,Missouri,37.46392,37.46392,Class A,Report 66158: Motorist's daylight sighting in farmlands 45 miles northeast of Springfield,2020-10-05
1304,Tennessee,36.25466,36.25466,Class A,Report 28005: Two witnesses recount a close daytime encounter with a very curious creature near Lebanon,2010-07-16
1315,Virginia,36.932,36.932,Class B,Report 35981: Possible encounter behind a fish hatchery near Fort Chiswell,2011-06-10
1361,Washington,45.75957,45.75957,Class A,"Report 65295: Road crossing sighting 3mi north of Columbia Gorge, south of Willard",2020-01-04
1362,Washington,45.74796,45.74796,Class B,Report 65464: Vocalizations near the summit of Silver Star Mountain,2020-05-15
1364,Washington,46.13657,46.13657,Class B,Report 67407: Possible wood knocks heard near Marble mountain Sno-Park,2020-12-16
1383,Maine,44.78159,44.78159,Class B,"Report 67335: Knocks heard near Spectacle Pond, 27 miles east of Bangor",2020-11-12
1386,Maine,44.34113,44.34113,Class A,Report 66109: Multi-witness daylight sighting along powerlines south of Bryant Pond,2020-09-26
1387,Maine,45.04943,45.04943,Class B,Report 66224: Distinct wood knocks heard 18 miles NNE of Bangor,2020-10-19
1394,Maryland,38.81639,38.81639,Class B,"Report 12601: Bow hunter hears vocalizations, smells foul odor",2005-09-14
1395,Maryland,39.11378,39.11378,Class B,Report 24952: Bird watcher experiences unusual activity while hiking in the Oxbow Lake Nature Preserve,2008-05-01
1396,Maryland,39.08414,39.08414,Class A,Report 27702: Man recalls seeing a tall dark creature behind his house at dusk near Laurel,2010-08-15
1398,Maryland,39.6946,39.6946,Class B,Report 30634: Night hikers possibly stalked near Bee Tree Preserve,2011-05-14
1430,Michigan,44.48875,44.48875,Class B,Report 55541: Motorist has a possible daylight sighting just north of South Branch,2016-09-06
1436,Michigan,44.53665,44.53665,Class B,Report 15150: Possible daylight sighting by backwoods motorist couple near Huron National Forest,2006-07-09
1442,Michigan,45.351,45.351,Class A,Report 33611: Air National Guardsman describes being ushered out of the woods culminating in a nighttime sighting from his car near the Presque Isle Lighthouse,2003-07-15
1449,Michigan,43.39116,43.39116,Class A,Report 65867: Daylight sighting along Lake Huron north of Lexington,2020-08-01
1456,Michigan,46.19183,46.19183,Class A,Report 31025: Close encounter by a hunter tracking his dogs at night outside the Seney National Wildlife Refuge,2010-08-15
1462,Michigan,42.30472,42.30472,Class A,Report 2953: 2 witnesses see a BF at night in the headlights,2001-08-07
1481,Michigan,44.83369,44.83369,Class B,Report 42056: Possible activity at a cabin outside Traverse City,2013-09-02
1499,Michigan,46.09045,46.09045,Class A,Report 20100: Daylight sighting by hunters near Gwinn (Upper Peninsula),1990-10-01
1506,Michigan,44.091,44.091,Class B,Report 19223: Possible footprints found near Manistee,2006-11-20
1511,Michigan,45.69347,45.69347,Class B,Report 67602: Coyote hunters watch upright figure at night in woodline with glowing yellowish eyes outside Faithorn,2021-01-30
1528,Michigan,44.76665,44.76665,Class A,Report 28668: Man recalls encounter he had as a teenager near Kalkaska,2011-05-23
1537,Michigan,41.79639,41.79639,Class B,"Report 7181: Two bikers hear strange sound near ""Lost Nation""",2003-05-01
1547,Michigan,44.685,44.685,Class B,Report 32976: Possible daylight sighting by a mountain biker in the Pere Marquette State Forest,2008-12-03
1555,Michigan,44.2725,44.2725,Class A,Report 40204: Daylight sighting by a young man fishing near Whittemore,2013-04-11
1570,Michigan,43.21,43.21,Class A,Report 22802: Man recalls spotting a sasquatch watching him while hunting deer north of Grand Rapids,2008-10-06
1574,Michigan,44.7,44.7,Class A,Report 23530: Man recalls childhood incident near Grayling,1973-05-01
1579,Michigan,42.0288,42.0288,Class B,"Report 7386: Observer hears scream changing to low ""demonic"" chuckle",1974-12-15
1589,Michigan,45.1365,45.1365,Class B,Report 30789: Possible vocalizations heard from woods on a family farm outside Alpena,2011-11-03
1596,Michigan,44.73109,44.73109,Class B,Report 37797: Description of several strange encounters along Sleeping Bear Dunes National Shoreline,2010-08-01
1603,Michigan,45.35665,45.35665,Class A,Report 29091: Motorist is shocked by sighting on I-75 between Wolverine & Indian River,2009-07-17
1616,Michigan,46.06728,46.06728,Class B,Report 59590: Possible vocalization outside Rock MI near western edge of Hiawatha National Forest,2018-05-30
1629,Minnesota,47.1589,47.1589,Class B,Report 24089: Witness hears loud screams and foot steps while camping near Laporte,2008-06-21
1643,Minnesota,47.5,47.5,Class A,Report 31166: Husband and wife experience an up-close daylight sighting on Hwy. 7 north of Bovey,2009-08-16
1668,Minnesota,47.47025,47.47025,Class B,Report 46817: Hunter scouting locations has a possible encounter near Buhl,2014-10-23
1671,Minnesota,47.87965,47.87965,Class A,Report 67381: Sasquatch sighting by motorist 5 miles west of Ely,2020-11-09
1674,Michigan,44.68047,44.68047,Class B,Report 41770: Huge rocks thrown at night fishermen on Jewell Lake,2013-07-31
1678,Minnesota,46.69303,46.69303,Class B,Report 9796: Man recalls multiple witness incident as a teenager camping south of Cloquet,1977-09-03
1689,Missouri,38.73802,38.73802,Class A,Report 23836: Several incidents experienced by father and son outside St. Louis,1976-10-20
1703,Missouri,36.39835,36.39835,Class A,Report 40177: Early morning road crossing north of Branson,2013-10-15
1738,Missouri,36.615,36.615,Class A,Report 5085: Family has nighttime sighting near Gainesville.,2004-12-05
1762,Missouri,36.9897,36.9897,Class A,Report 65691: Three incidents in marshy zone outside Charleston next to Mississippi River,2016-08-01
1763,Missouri,38.305,38.305,Class A,Report 8890: Truck driver has daylight sighting on country road near Marys Home.,2004-12-05
1769,Missouri,39.83804,39.83804,Class B,Report 69316: Possible sasquatch howls heard around 3:30am by resident 6 miles NW of Chillicothe,2021-06-11
1786,Missouri,38.521,38.521,Class B,Report 66063: Fisherman describes large animal sounds in James Reed Memorial Wildlife Area,2020-08-08
1789,Missouri,38.4063,38.4063,Class B,Report 26919: Early A.M. sighting returning home from family event,2009-11-24
1793,Missouri,39.30745,39.30745,Class A,Report 41012: Two girls have a daytime close encounter on their family farm near Oak Grove,2013-04-27
1794,Missouri,37.19201,37.19201,Class B,Report 24767: Motorist recalls possible early morning sighting north of Mt. Vernon,1991-11-15
1799,Missouri,37.07354,37.07354,Class A,"Report 2036: Multiple witnesses encounter bad smell, three observe creature hiding behind sapling",1988-06-01
1815,Missouri,38.56724,38.56724,Class A,Report 28689: Memory of a daylight sighting as a passenger on Old Hwy. 94 east of Jefferson City,1999-06-30
1816,Missouri,38.62,38.62,Class A,Report 9941: Couple has car shaken and sees large animal up close near Tebbetts.,2004-12-06
1821,Missouri,38.46156,38.46156,Class A,Report 65808: Couple sees a white sasquatch at Settle's Ford Conservation Area.,2020-07-23
1824,Missouri,38.81124,38.81124,Class A,"Report 3483: Nighttime sighting outside farm house, west of Prairie Home (the town) near Pisgah Creek",1975-10-15
1850,Mississippi,30.38345,30.38345,Class B,Report 2376: Young couple encounter a rancid smell,2001-09-08
1851,Mississippi,32.40191,32.40191,Class A,Report 27012: Witnesses tell of a sighting they had as teenagers outside Jackson - w/sketch by artist,1979-10-10
1857,Mississippi,32.1806,32.1806,Class A,Report 12290: Motorists have early morning sighting near Enterprise,2004-06-15
1865,Missouri,38.4125,38.4125,Class B,Report 65870: Possible daylight sighting near Missouri River and Katy Trail outside Hartsburg,2020-05-14
1875,South Carolina,34.39092,34.39092,Class B,Report 67219: Howls heard near Molly's Rock Park in Sumter National Forest,2020-10-31
1885,South Carolina,34.65375,34.65375,Class A,Report 13170: Daylight sighting by motorists on Hwy 24 near Seneca,2005-12-05
1911,South Carolina,33.0932,33.0932,Class A,Report 71700: Trucker's daylight sighting of a Sasquatch in Francis Marion National Forest,2021-03-15
1912,South Carolina,35.14947,35.14947,Class B,"Report 71792: Chatter and knock heard on the Broad River, 5 miles NE of Gaffney",2021-10-30
1923,Tennessee,35.68449,35.68449,Class A,"Report 23645: Sighting by motorist in the Great Smoky Mountains National Park, not far from the park entrance.",1970-04-01
1935,Tennessee,35.226,35.226,Class B,Report 15003: Brief sighting by motorsist near Shelby Forest.,1985-04-15
1944,Tennessee,35.5467,35.5467,Class B,Report 20231: Camper Awakens and Sees Two Creatures in the Laurel Snow Pocket Wilderness,2004-03-01
1948,Tennessee,36.19746,36.19746,Class A,Report 27522: Daylight sighting of a large bipedal animal near Sunbright,2009-12-14
1954,Tennessee,35.40472,35.40472,Class B,Report 16995: Man in the Citico Creek area has an unknown animal circle his camp for several hours,2006-07-22
1962,Tennessee,35.0228,35.0228,Class B,Report 23916: Family records possible vocalizations in daylight near Mt. Zion Cemetery,2008-05-31
1963,Tennessee,35.22149,35.22149,Class A,Report 69641: Close-range multi-witness sighting 3 miles west of Lawrenceburg,2021-06-12
1990,Tennessee,35.97231,35.97231,Class A,Report 31005: Early morning walker witnesses a sasquatch pouncing on a snake east of Crossville,2005-06-01
1991,Tennessee,35.8823,35.8823,Class B,Report 65654: Possible sighting at base of Black Mountain outside Crab Orchard,2020-04-20
1999,Tennessee,36.1874,36.1874,Class B,Report 29794: Deer Hunter hears possible wood knocks in the Cheatham Wildlife Management Area,2008-11-29
2005,Tennessee,36.2635,36.2635,Class B,Report 35114: Recollection of spotting a tall figure cross a trail at dusk near Norris Lake,1988-09-16
2013,Texas,32.31565,32.31565,Class A,Report 57712: Motorist has night time visual of an individual carrying a deer near the town of Edom,2015-10-30
2017,Texas,30.6,30.6,Class A,Report 10407: Journalist and investigator have early morning sighting in Sam Houston National Forest,2005-01-28
2020,Texas,30.77532,30.77532,Class A,Report 69015: Motorist daylight sighting 35 miles north of Austin,2017-06-24
2031,Texas,30.38667,30.38667,Class A,"Report 8530: Two men see unknown, bipedal animal run across road near Pedernales River.",2004-04-24
2038,Texas,31.1659,31.1659,Class A,Report 63665: Multiple incidents reported by multiple hunters near Sam Rayburn Lake,2019-11-18
2061,Texas,30.63333,30.63333,Class A,Report 10591: Predator caller has night time encounter in Sam Houston National Forest,2004-01-08
2102,Texas,30.23333,30.23333,Class A,Report 4138: Two brothers have encounter while building house.,1983-07-15
2119,Texas,32.83333,32.83333,Class B,Report 8861: Boy scouts have possible encounter near Possum Kingdom Lake,2004-10-31
2125,Texas,32.78611,32.78611,Class A,"Report 9810: While parking near Sunshine Lake, teens have late night encounter",2004-11-20
2130,Texas,32.66908,32.66908,Class A,Report 67199: Daylight sighting on the Brazos River west of Weatherford,2020-10-23
2154,Texas,31.1683,31.1683,Class A,Report 20685: Hunter observes large Bipedal Creature jumping fence near Austonio,2007-12-20
2158,Texas,33.2,33.2,Class B,Report 65366: Woman home alone north of Greenville claims unusual nightly visitor,2020-04-18
2165,Texas,30.33778,30.33778,Class B,"Report 12314: Evening worker hears vocalizations, smells strong odor in Big Thicket",2005-08-14
2172,Texas,29.385,29.385,Class B,Report 6583: Unusual screams pierce evening at rural property near Seguin,2003-10-08
2187,Texas,29.52533,29.52533,Class A,Report 47702: Early evening sighting near a home and strange deer kills investigated at Canyon Lake,2015-01-09
2194,Texas,33.27303,33.27303,Class B,Report 23578: Possible tracks found along the Greenbelt Corridor outside Denton,2008-04-08
2196,Texas,33.04,33.04,Class B,Report 58855: Suburban Flower Mound resident startled by possible wood knocks close to home in early morning,2017-12-20
2214,Texas,33.675,33.675,Class A,Report 51612: Rural North Texas family has nighttime road crossing sighting near Bluegrove,2015-06-17
2234,Utah,40.65,40.65,Class B,Report 12289: Possible early morning vocalizations in the Uinta mountains.,2005-08-02
2259,Texas,34.125,34.125,Class B,Report 63492: Hunter describes a vocalization and brief sighting along the Red River,2018-07-30
2260,Utah,39.48,39.48,Class B,Report 14732: Possible vocalizations heard near Huntington Reservoir,2005-08-15
2283,Utah,40.86765,40.86765,Class A,Report 25265: Man watches a bigfoot in his headlights near Flaming Gorge,2008-12-07
2285,Utah,40.91689,40.91689,Class A,Report 29690: Driver and passengers have late night sighting on mountain road in Bountiful Canyon,2004-03-04
2301,Virginia,36.8778,36.8778,Class B,"Report 12727: Bow hunter is escorted from woods by foul-smelling, acorn-throwing bipeds",2004-10-16
2303,Virginia,37.75926,37.75926,Class B,Report 67485: Possible howls in Appalachian Mts 3 miles west of Collierstown (15 SW of Lexington),2021-01-09
2314,Virginia,37.29734,37.29734,Class A,Report 65423: Newspaper delivery couple describe 4am encounter outside Roanoke near Blue Ridge Pkwy,2019-10-15
2331,Virginia,37.33226,37.33226,Class A,Report 67232: Night time sighting by motorist outside Williamsburg near I-64,2020-10-22
2338,Virginia,36.94165,36.94165,Class B,Report 13212: Possible pre-dawn vocalization heard by hunter near Ferrum,2003-11-13
2340,Virginia,37.17433,37.17433,Class B,Report 69503: Possible sasquatch tree knocks TWO NIGHTS AGO along river outside Clintwood,2021-07-26
2341,Virginia,37.44378,37.44378,Class A,Report 14952: Driver sees running figure along road at night near Woodlake,2006-06-02
2353,Virginia,38.0735,38.0735,Class B,Report 34337: Large man-like figure seen in the trees by a Marine training at Fort A. P. Hill,2008-11-15
2358,Virginia,37.53434,37.53434,Class B,Report 1768: Lifelong hunter hears strange screams in early morning twilight directly under tree stand,1988-11-01
2361,Vermont,42.86222,42.86222,Class B,Report 49993: Couple have possible early morning sighting while driving outside Brattleboro,2016-04-05
2366,Vermont,43.1635,43.1635,Class B,"Report 13345: Possible stalking at Hildene Mansion grounds, near Manchester",2005-08-25
2371,Virginia,37.38661,37.38661,Class A,Report 49746: Motorist observes an adult Bigfoot with a baby cross the road at night North of Bedford,2015-09-09
2372,Virginia,37.64224,37.64224,Class B,Report 38619: Couple hear possible moan howls one afternoon at Eagle Rock Cemetery,2012-12-24
2385,Washington,45.88039,45.88039,Class B,Report 5953: Family hunting near Wahkiacus is stalked by a large animal,2003-04-23
2387,Washington,45.99935,45.99935,Class B,Report 23315: Two turkey hunters near Trout Lake are screamed at by a large black animal,2006-04-16
2388,Washington,45.86883,45.86883,Class A,Report 35479: Nighttime sighting by a motorist near BZ Corner,2010-09-15
2405,Washington,46.6622,46.6622,Class A,Report 4737: Afternoon sighting by family on I-5 near Chehalis,2001-05-13
2411,Washington,46.52352,46.52352,Class A,Report 22475: Night watchmen at logging camp near Morton describes multiple incidents,2003-08-15
2433,Washington,46.4125,46.4125,Class B,Report 65388: Sasquatch snow tracks found at first seasonal entry onto Weyerhaeuser land near Vanson Lake,2020-04-24
2434,Washington,46.71444,46.71444,Class B,Report 65538: Tracks Reported 5/24/2020 Lewis County Washington,2020-05-24
2441,Washington,47.27667,47.27667,Class A,Report 1568: Creature observed turning it's head and looking straight at witness,1993-10-15
2447,Washington,47.2293,47.2293,Class B,Report 7580: Man shares encounters of an unknown subject,2004-11-16
2449,Washington,47.396,47.396,Class B,Report 16416: Possible vocalizations heard near Lake Cushman,2006-11-03
2450,Washington,47.3978,47.3978,Class B,Report 16053: Possible daytime sighting on Lake Cushman,2006-11-19
2451,Washington,47.49865,47.49865,Class A,Report 23160: Daylight encounter with two hunters south of Union (w/ cellphone photos),2007-11-16
2454,Washington,47.41995,47.41995,Class B,Report 28487: Possible vocalization heard near Lake Cushman and Dow Mountain,2011-01-11
2465,Washington,48.40611,48.40611,Class B,Report 3623: Two deer hunters find tracks near Buckhorn Mountain,2001-10-12
2483,Washington,46.35099,46.35099,Class B,Report 23300: Couple sees bipedal creature jump across a logging road near Naselle,1992-12-26
2505,Washington,46.98578,46.98578,Class B,Report 28197: Man recalls his possible nighttime encounter while instructing at Ft. Lewis,1977-10-01
2507,Washington,47.05472,47.05472,Class B,Report 1589: Two hunters find large track,1979-11-16
2508,Washington,47.3704,47.3704,Class A,Report 1595: Family sees an upright figure covered with black hair that walks across the road in front of their car,1979-12-07
2527,Washington,47.01278,47.01278,Class A,Report 1594: Footprints found with huge Toes on each print,1997-11-28
2537,Washington,47.0586,47.0586,Class B,Report 5725: Man hears loud vocalization while woodworking on his porch,2002-11-15
2538,Washington,47.0019,47.0019,Class A,Report 5331: Upright creature walks on two legs towards hunter near Mt. Rainier National Park,2002-11-16
2539,Washington,47.16145,47.16145,Class B,Report 9447: Unusual sounds heard near Enumclaw,2003-04-05
2540,Washington,47.0228,47.0228,Class B,Report 6990: Scream heard while staying overnight near Greenwater,2003-12-09
2546,Washington,47.12045,47.12045,Class A,Report 28898: Dusk and nighttime sightings by couple at rock quarry near Greenwater,2008-06-07
2547,Washington,47.00008,47.00008,Class B,Report 24612: Couple camping NW of Mt. Rainier hear loud vocals and footsteps,2008-08-24
2553,Washington,46.84748,46.84748,Class A,Report 27803: Hikers near Eatonville surprise a sasquatch drinking from the river,2010-05-22
2566,Washington,46.86113,46.86113,Class B,Report 49869: Possible vocalizations heard at night in southern Eatonville,2014-11-20
2567,Washington,47.34805,47.34805,Class A,Report 50214: Man returning home late at night sees gray biped near Key Center,2015-11-11
2569,Washington,47.07405,47.07405,Class A,Report 51994: Man and girlfriend have sighting on Joint Base Lewis-McChord road near Spanaway,2016-05-29
2572,Washington,47.2255,47.2255,Class B,Report 61038: Mother camping with her kids hears loud vocalizations from outside their tent at Joemma Beach State Park campground,2018-09-30
2573,Washington,46.9805,46.9805,Class B,Report 63900: Possible sasquatch vocalizations at Oliver Lake in Mt. Ranier National Park,2021-01-15
2585,Washington,48.48157,48.48157,Class B,Report 59279: Couple has possible ongoing activity including their house trailer moved one night near Clear Lake,2018-04-06
2586,Washington,48.56245,48.56245,Class B,Report 62403: Mushroom picker has ongoing activity in same area over many years near Grandy Lake.,2018-09-15
2604,Washington,47.79111,47.79111,Class B,Report 391: Blocking of walking trail,1999-05-12
2613,Washington,47.87725,47.87725,Class A,Report 8597: Bigfoot crosses road in front of two teens going to school,2004-07-03
2615,Washington,48.11509,48.11509,Class B,"Report 23170: Possible ""Ohio"" Howls heard near Granite Falls",2005-03-01
2621,Washington,48.105,48.105,Class B,Report 23017: Possible vocalizations heard by resident outside Verlot,2008-02-01
2625,Washington,48.10255,48.10255,Class A,Report 37885: Daylight encounter while hiking on the Tulalip Indian Reservation,2010-06-10
2626,Washington,47.90079,47.90079,Class B,Report 29170: Man hears strange calls while hiking near swamp at Wallace Falls State Park,2011-04-26
2631,Washington,48.11308,48.11308,Class A,Report 38224: Huge upright figure crosses road in-front of Marysville couple at night.,2012-12-11
2638,Washington,47.92528,47.92528,Class B,Report 1691: Tracks found in deep snow,1961-12-28
2641,Washington,47.73081,47.73081,Class B,Report 56332: Snowshoers find possible tracks in the Antoine Peak Conservation Area,2017-01-08
2642,Washington,47.75026,47.75026,Class B,Report 66003: Howls heard near Spokane River,2020-09-02
2643,Washington,47.74207,47.74207,Class B,"Report 67585: Possible sighting of a gray Bigfoot in Riverside State Park at 5 am, near Spokane.",2020-12-15
2647,Washington,47.981,47.981,Class B,"Report 3673: Woman finds large tracks on her property near Clayton, Wa",2004-10-17
2650,Washington,48.03062,48.03062,Class A,"Report 49664: Property owner has daytime sighting, hears vocalizations for over two months north of Clayton",2015-08-30
2651,Washington,48.18676,48.18676,Class B,Report 50039: Hunter finds possible tree breaks and track near Stensgar Mountain,2015-09-05
2655,Washington,47.97637,47.97637,Class A,Report 71773: Nighttime motorist sighting 25 miles NW of Spokane,2021-10-22
2665,Washington,46.8434,46.8434,Class B,Report 11137: Young Girl Experiences Rock and Stick Throwing,2005-03-31
2667,Washington,46.78571,46.78571,Class A,Report 34710: While target shooting a family observes a large bi-ped in a blackberry patch near the town of Rainier,2012-03-20
2669,Washington,46.33425,46.33425,Class A,Report 6232: Nighttime sighting by motorist on KM Hill near Skamokawa,2003-04-24
2670,Washington,46.0675,46.0675,Class B,Report 1917: BFRO field investigator finds sasquatch tracks in the snow,2000-03-06
2672,Washington,46.0675,46.0675,Class A,Report 2196: BFRO investigator finds tracks in snow 2001,2001-03-08
2674,Washington,46.0573,46.0573,Class A,"Report 7406: Father and Son Hunting Mill Creek Drainage Near Walla Walla, WA see biped walking across slope",2003-11-19
2684,Washington,48.76075,48.76075,Class A,Report 5771: Silhouette awakens boy while camping near S. Fork Nooksack River,2003-04-23
2690,Washington,48.90147,48.90147,Class A,"Report 63451: Sickly sasquatch observed by farmhand around 5am, 5 min outside Everson",2017-01-21
2691,Washington,48.84984,48.84984,Class B,Report 65641: Knocks north of Welcome along North Fork of Nooksack River,2017-08-19
2692,Washington,48.92982,48.92982,Class A,"Report 62354: Son and father observe possible bigfoot family 17mi NE of Bellingham, near Sumas Mountain. See map.",2018-09-15
2696,Washington,46.87139,46.87139,Class B,Report 1462: Sound heard month earlier than another report in same area,2000-06-13
2699,Washington,46.93333,46.93333,Class B,Report 1438: Barefoot tracks and whistling heard while hunting,2000-10-28
2701,Washington,46.621,46.621,Class B,Report 3759: Elk hunters encounter large animal and hear vocalizations near Rimrock Lake,2001-10-29
2705,Washington,46.85,46.85,Class A,Report 26065: California BFRO researcher has sighting with a thermal imaging unit in Wenatchee National Forest,2007-08-18
2726,Wisconsin,43.1575,43.1575,Class B,"Report 9295: Possible sighting by child, and other incidents near Menomonee Falls",1997-08-15
2727,Wisconsin,42.97569,42.97569,Class B,Report 28008: Possible nighttime sighting while driving next to Kettle Moraine State Forest,2010-07-05
2736,Washington,47.35305,47.35305,Class A,Report 2070: Two men see something walk up and over ridge behind home,2004-10-17
2749,Washington,47.64581,47.64581,Class B,Report 69049: Cabin renters report wood knocks and rock throwing near Leavenworth,2021-05-21
2750,Washington,47.79538,47.79538,Class B,"Report 69270: Possible Sasquatch howls north of Leavenworth, east of Lake Wenatchee",2021-05-31
2757,Washington,47.9261,47.9261,Class A,Report 1106: French hiker observes two bigfoot in Olympic National Park,2001-01-04
2763,Washington,47.94485,47.94485,Class B,Report 28739: Hikers find large barefoot prints on the Elwha River Trail,2011-01-16
2765,Washington,48.11949,48.11949,Class B,"Report 65667: ""Ohio howls"" at Ozette Lake in NW corner of Olympic Pennisula",2020-06-30
2768,Washington,45.8581,45.8581,Class A,Report 933: Family has face to face encounter with sasquatch in their back yard,1989-06-14
2770,Washington,45.90052,45.90052,Class A,Report 28123: Teenager recounts his sighting as a very young boy on his property near Yacolt,1995-08-15
2793,Washington,46.1725,46.1725,Class B,Report 66120: Vocals and track on Spencer Butte,2020-09-23
2816,Washington,47.08824,47.08824,Class A,Report 36326: Nighttime sighting by campers stopped on remote road near Wishkah,2004-07-15
2819,Washington,46.988,46.988,Class B,Report 10062: Man Hears Evening Vocals in Prior Sighting Area,2004-12-18
2820,Washington,46.93755,46.93755,Class B,Report 12876: Deer hunters hear wood knocks near Aberdeen,2005-10-15
2821,Washington,46.92694,46.92694,Class B,Report 12594: Possible beach sighting at night by a tourist near Point Brown,2005-10-29
2822,Washington,46.98621,46.98621,Class A,Report 12838: Night time sighting along B Street outside Aberdeen,2005-12-01
2825,Washington,46.98278,46.98278,Class A,Report 23558: Friends lost on backroads west of Olympia are stunned by a creature with large green eyes,2008-04-05
2827,Washington,47.2331,47.2331,Class B,Report 24216: Possible vocalizations heard near a fish hatchery on the Humptulips River,2008-07-05
2830,Washington,46.82742,46.82742,Class B,Report 28532: Hunter near Raymond hears what sounds like a sasquatch chasing and killing a deer,2010-11-17
2833,Washington,47.0562,47.0562,Class A,Report 42448: Motorist has a close daylight sighting of a Sasquatch chasing a deer near Ocean Shores (Sketches included),2013-09-30
2840,Washington,48.39936,48.39936,Class A,Report 17903: Possible sighting by motorist on perimeter of Deception State Park,2007-10-20
2842,Washington,47.72142,47.72142,Class A,Report 65807: Late night sighting on Highway 101 in between Forks and Kalaloch,1977-10-15
2853,Washington,48.09725,48.09725,Class B,"Report 3613: Late at night, man hears powerful vocalizations south of Port Townsend",2004-10-10
2855,Washington,47.5532,47.5532,Class B,Report 11040: Vocalizations heard by expeditioners on Olympic Peninsula.,2004-10-21
2859,Washington,47.61922,47.61922,Class B,Report 42304: Camper photographs possible footprints at Lena Lake in the Buckhorn Wilderness,2013-09-21
2861,Washington,47.82243,47.82243,Class A,Report 57781: Couple visiting the Hoh River rainforest see a sasquatch cross the road near Bogachiel,2017-02-25
2862,Washington,47.89745,47.89745,Class B,Report 67472: Rock thrown at vehicle plus Class B sighting 5 miles north of Quilcene,2020-08-20
2864,Washington,47.5225,47.5225,Class B,Report 1384: Vocalizations heard by hikers,1970-05-13
2865,Washington,47.29944,47.29944,Class A,Report 1383: Creature seen running along a road,1973-04-18
2872,Washington,47.2831,47.2831,Class A,Report 1382: Creature observed by hunters,1984-10-17
2873,Washington,47.39,47.39,Class A,Report 7483: Morning daylight sighting around rural homes near Kent,1986-12-25
2875,Washington,47.48176,47.48176,Class A,Report 24755: Truck Driver recalls daylight sighting east of North Bend,1990-12-03
2878,Washington,47.41,47.41,Class B,Report 1841: Fishing guides thought they were chased onto a dam,1994-09-10
2880,Washington,47.4317,47.4317,Class B,Report 1478: Worse than something dead smell encountered by two fishermen,1996-02-17
2881,Washington,47.3958,47.3958,Class B,Report 1386: Two unsusual man-like tracks discovered,1998-05-18
2882,Washington,47.6068,47.6068,Class A,"Report 4335: Vocalization, followed by sighting near Carnation/Fall City",1999-06-15
2883,Washington,47.1608,47.1608,Class B,Report 1815: Hiker encounters intimidating beating sounds and heavy running footsteps,2000-05-15
2888,Washington,47.46312,47.46312,Class B,Report 8670: Hiker hears roar north of Alpental Ski Resort at Snow Lake,2004-05-25
2893,Washington,47.55477,47.55477,Class B,"Report 23062: Angler finds tracks, hears knocks and senses ominous presence east of North Bend",2005-07-16
2895,Washington,47.6597,47.6597,Class B,Report 17847: Possible late night vocalizations heard outside Redmond,2005-10-12
2896,Washington,47.6633,47.6633,Class B,Report 34479: Woman walking dogs hears possible vocalizations and knocks in Marymoor Park,2007-03-15
2902,Washington,47.49488,47.49488,Class B,Report 65650: Possible vocalizations on Little Si Trail outside North Bend,2015-10-31
2910,Washington,47.763,47.763,Class A,Report 7441: Forest worker has many encounters with bigfoot,2004-11-16
2915,Washington,47.45411,47.45411,Class A,Report 16295: Mutliple daylight sightings in Suquamish,2008-01-28
2918,Washington,47.52877,47.52877,Class A,Report 69614: Close-range 5:30am road crossing sighting by communting motorist five miles west of Bremerton,2021-08-27
2921,Washington,46.98333,46.98333,Class B,Report 77: Couple hear vocalizations while camping at Milk Lake,1983-09-01
2929,Washington,47.2842,47.2842,Class B,Report 1996: Screams wake campers on consecutive nights at Cle Elum Lake,2004-10-16
2930,Washington,47.3991,47.3991,Class B,Report 5136: Multible witnesses hear loud screams and have rocks thrown into camp near Cle Elum lake,2004-12-07
2935,Washington,47.20113,47.20113,Class A,Report 56932: Hiker has an afternoon sighting behind a mountain resort in Cle Elum,2016-01-27
2938,Washington,47.18806,47.18806,Class B,Report 67451: Possible sighting and track in the GMU 328 Naneum Unit near Ellensburg,2021-01-13
2939,Washington,47.21551,47.21551,Class B,Report 69553: Possible encounter in darkness outside Cle Elem,2021-08-27
2940,Washington,47.34432,47.34432,Class B,Report 70737: Heavy thuds and distinct rock clacking north of Teanaway Butte (Wenatchee NF),2021-10-15
2950,Wisconsin,43.8708,43.8708,Class B,Report 27429: Motorist observes possible road crossing near Princeton,2010-03-10
2952,Wisconsin,45.0902,45.0902,Class A,Report 15050: County parks employee's early morning sighting near Rib River,2006-06-25
2956,Wisconsin,45.0255,45.0255,Class B,Report 35184: Couple has possible experiences on their property over time near Phlox,2017-08-15
2957,Wisconsin,43.89418,43.89418,Class B,Report 39031: Home owner reports strange howls and possible ongoing activity near Kiel,2009-10-15
2972,Wisconsin,45.63092,45.63092,Class A,Report 63091: Sasquatch sighting by motorists along South Turcott Road six miles north of Tripoli,2019-07-09
2979,Wisconsin,45.95919,45.95919,Class B,Report 59421: Possible daylight sighting while driving outside Hayward,2018-05-06
2985,Wisconsin,45.95359,45.95359,Class B,Report 28065: Possible vocalizations heard while cleaning a deer near Florence,2008-10-26
3000,Wisconsin,46.25961,46.25961,Class B,Report 24508: Possible early evening sighting near Lake Namekagon,2008-08-18
3004,Wisconsin,44.6543,44.6543,Class A,"Report 2215: Newspaper deliveryman sees large gray colored creature that was walking on two legs and carrying dead animal. (Newspaper account, follow-up by the BFRO and Sheriff's documents included.)",2000-03-28
3006,Wisconsin,42.95915,42.95915,Class B,Report 40718: Hikers hear possible wood knocks and loud screams near Mount Horeb,2011-10-28
3010,Wisconsin,42.82445,42.82445,Class B,Report 43122: Driver startled to see a tall figure next to U.S. Hwy. 151 near Mineral Point,2013-12-27
3021,West Virginia,38.6685,38.6685,Class A,Report 12959: Sightings by two hunters in tree stands outside Elkwater,1989-11-24
3022,West Virginia,37.80531,37.80531,Class B,Report 4237: Three youths have a menacing encounter near Beckley,1975-07-04
3026,West Virginia,40.1333,40.1333,Class A,Report 10006: A woman has late night sighting when a motion detecting light illuminates her back porch,2004-12-12
3033,West Virginia,38.7016,38.7016,Class B,Report 13122: Possible repeat approaches outside Circleville,1996-10-11
3034,West Virginia,38.87813,38.87813,Class A,Report 1205: Witness sees a large creature crossing the road,1998-01-28
3035,West Virginia,38.90203,38.90203,Class B,Report 3826: Night time visitor screams and leaves imprint near campers in West Virginia,1999-07-01
3036,West Virginia,38.8554,38.8554,Class B,Report 8796: Hunter experiences object throwing and vocalizations near Onego,2001-10-16
3039,West Virginia,38.835,38.835,Class A,Report 19841: Road crossing sighting by motorist on Hwy 55 north of Seneca Rocks area.,2007-01-13
3056,West Virginia,38.95242,38.95242,Class A,"Report 1206: Dolly Sods; Tracks seen, loud screams and strange odor detected.",1997-09-23
3057,West Virginia,38.9706,38.9706,Class B,Report 39812: Family hears possible vocals on summer nights at their home near Dolly Sods Wilderness Area,2000-07-15
3058,West Virginia,38.8609,38.8609,Class A,Report 47460: Woman and daughter recall their close daytime encounter at their home east of Elkins,2005-01-13
3059,West Virginia,39.9433,39.9433,Class B,Report 17449: Possible vocalizations heard by backpackers in Otter Creek Wilderness,2007-01-09
3060,West Virginia,38.8762,38.8762,Class B,Report 18793: Possible whoops heard in logging area outside the Monongahela National Forest,2007-05-20
3064,West Virginia,38.9695,38.9695,Class B,Report 59102: Daylight sighting by fisherman 6 crow miles NE of Elkins,2017-07-29
3067,West Virginia,39.0417,39.0417,Class A,Report 7188: Two men shocked to see hairy figure close on trail in Monongahela National Forest,1987-07-04
3069,West Virginia,39.10023,39.10023,Class A,Report 25301: Hunter has close sighting of a primate-like creature in the Canaan Valley National Wildlife Refuge,2008-12-28
3070,West Virginia,39.51,39.51,Class B,Report 13312: Bicyclist reports possible rock throwing incident outside Sistersville,2005-12-12
3075,West Virginia,39.6716,39.6716,Class B,Report 15475: Hunter describes being paralleled along railroad tracks northeast of Morgantown,2003-05-10
3077,West Virginia,37.445,37.445,Class A,Report 24061: Family gathering interrupted by 8-foot tall visitor at the kitchen window,1979-08-10
3082,West Virginia,38.10263,38.10263,Class A,Report 70692: Delivery driver has close up encounter with a Bigfoot near bridge 18 miles SW of Charleston,2008-05-12
3093,West Virginia,38.46118,38.46118,Class B,Report 2786: On-going encounters makes rural family cautious,2001-06-15
3095,West Virginia,37.603,37.603,Class B,Report 43193: Homeowner reports possible interactions that include his hunting dogs near Pax,2013-11-30
3103,West Virginia,39.54114,39.54114,Class A,Report 1202: Series of accounts under investigation by the curators regarding reports of a large creature.,1999-04-20
3107,West Virginia,37.32091,37.32091,Class A,Report 16890: Repeat visitations described near rural home outside Princeton,2006-07-15
3112,West Virginia,39.05,39.05,Class B,Report 13141: Possible vocalizations heard by camper near Tygart Valley River,2005-05-30
3142,Louisiana,31.368,31.368,Class B,Report 56576: Homeowner describes ongoing activity from a neighboring swamp and takes interesting photos outside Colfax,2017-01-21
3143,Louisiana,31.6825,31.6825,Class A,Report 1536: Two teenage deer hunters have encounter while hunting,2000-11-18
3146,Louisiana,31.3799,31.3799,Class A,Report 1459: Witness looked  up into the eyes of Bigfoot,1978-07-15
3156,Massachusetts,42.54334,42.54334,Class B,Report 28017: Hikers observe and cast possible fresh footprints in Leominister State Forest,2010-11-08
3164,Louisiana,32.7817,32.7817,Class A,Report 1313:  creature walked directly towards witness.,1987-11-15
3168,Massachusetts,42.32359,42.32359,Class B,Report 65734: Possible tree push over and vocalization near Belchertown and Quabbin Reservoir,1998-04-02
3169,Massachusetts,42.64809,42.64809,Class B,Report 46780: Possible nighttime sighting while driving over a bridge near Charlemont,2015-04-20
3177,Massachusetts,42.07867,42.07867,Class B,Report 56293: Another possible encounter along Appalachian Trail,2015-09-11
3184,Massachusetts,42.12302,42.12302,Class B,Report 38386: Night fisherman has possible encounter at the Cobble Mountain Reservoir,2000-10-01
3185,Massachusetts,42.08179,42.08179,Class B,Report 28667: Resident hears possible early morning vocalizations near Westfield,2011-08-14
3186,Massachusetts,42.30283,42.30283,Class B,Report 65996: Hikers report Sasquatch stalking south of Amherst,2020-08-26
3190,Massachusetts,42.09091,42.09091,Class A,Report 44263: Road crossing and a close call with a vehicle during the day outside Hanson,2013-06-25
3191,Massachusetts,41.85164,41.85164,Class B,Report 49512: Possible structure found when checking out the location of a sighting near Lakeville,2015-04-09
3211,Kentucky,38.42968,38.42968,Class A,"Report 3253: Mother and her son see a tall, hairy, bipedal creature cross the road in two steps",1998-08-15
3213,Kentucky,36.8817,36.8817,Class B,Report 32377: Father and son have possible encounter in a deer blind near Woodbine,2010-11-14
3226,Arkansas,35.15193,35.15193,Class B,Report 24276: Possible sighting of an upright creature crossing the road at dusk by a woman driving to Spring Lake,2008-07-26
3237,Delaware,38.71,38.71,Class B,Report 37386: Couple hear possible screams and knocks at their home near Redden State Park,2012-11-13
3241,Iowa,42.50817,42.50817,Class A,Report 1274: Bigfoot creature being seen & heard throughout night and footprint evidence found,1997-08-09
3256,Kentucky,38.90649,38.90649,Class A,Report 24800: Woman remembers a shaggy white-haired creature watching her while she walked her dog outside Richwood,1994-07-15
3258,Kentucky,39.08002,39.08002,Class A,Report 31368: Nighttime sighting by motorcyclist near Petersburg,2011-09-15
3268,Arkansas,34.87,34.87,Class A,Report 10919: Youth has sighting from his backyard on Air Force Base,1975-09-15
3276,Arkansas,36.1655,36.1655,Class B,Report 59520: Family describes the strange activity at their former rural home near Wesley,2002-08-14
3278,Arkansas,36.14065,36.14065,Class A,Report 38015: Motorist observes three bigfoots crossing before him at night east of Harrison,2012-12-04
3283,Arkansas,33.33171,33.33171,Class A,Report 36498: Pre-dawn sighting on a rural road near Fouke,2012-09-13
3298,Arkansas,34.73147,34.73147,Class A,Report 29417: Deer hunter has a late afternoon sighting through his rifle scope in the Winona Wildlife Management Area,2010-11-18
3302,Arkansas,33.94073,33.94073,Class B,Report 28839: Possible footprints found in snow at a home near Lockesburg (w/photos),2011-02-06
3304,Arkansas,33.14663,33.14663,Class A,Report 10913: Squirrel Hunter has encounter south of El Dorado,2002-11-05
3308,Arkansas,35.34737,35.34737,Class A,Report 50541: Motorist has a close sighting at dusk on AR-258 outside Bald Knob,2015-12-28
3309,Arkansas,34.787,34.787,Class A,Report 2494: Bus driver encounters ape like creature during an unscheduled stop,2001-08-11
3363,Arizona,34.6,34.6,Class A,Report 17804: Late afternoon road crossing sighting by motorist west of Springerville.,2007-02-01
3366,Arizona,35.175,35.175,Class A,Report 69323: 20 miles east of Petrified Forest National Park -- motorhome driver and wife report daylight sighting from Interstate 40,2021-06-10
3384,Arizona,35.3,35.3,Class B,Report 20235: Possible vocalizations heard near Snow Bowl on San Francisco Peaks,2006-08-15
3460,California,34.28665,34.28665,Class A,Report 46330: Daylight sighting by fisherman at Silverwood Lake near Hesperia,2014-08-20
3494,California,40.4999,40.4999,Class B,Report 13549: Evening sighting by a motorist near Shingletown,2006-01-07
3578,California,36.56304,36.56304,Class B,Report 65943: Possible tracks found close to Giant Forest Museum in Sequoia National Park,2020-08-15
3662,California,41.23528,41.23528,Class B,Report 7452: Campers Hear Unusual Evening Sounds,2003-11-16
3667,California,41.16,41.16,Class B,Report 369: Possible vocalizations heard by backcountry hikers in Redwoods National Park,2006-05-31
3671,California,40.01142,40.01142,Class B,Report 63645: Mattole River Watershed (Lost Coast region) resident reporting loud knocks and vocalizations.,2019-11-02
3672,California,40.03527,40.03527,Class B,Report 67556: Possible night sighting by motorist on Hwy 101 six miles south of Garberville,2021-01-23
3673,California,41.0312,41.0312,Class B,"Report 69315: Possible ""Ohio howls"" heard on Hoopa Indian Reservation",2021-06-06
3687,California,35.7,35.7,Class B,Report 22598: Possible vocalizations heard outside Inyokern,2008-01-07
3699,California,34.76666,34.76666,Class A,Report 27177: Man remembers sighting while driving on a lonely dark two-lane road near Gorman,2010-01-22
3732,California,37.97761,37.97761,Class B,Report 65849: Possible sighting at Mono Lake at Sunrise,2020-07-28
3742,California,39.21667,39.21667,Class B,Report 8026: Child has daytime sighting near Grass Valley,2003-12-02
3743,California,39.26361,39.26361,Class A,Report 7804: Family has two late night sightings near Nevada City,2004-01-04
3772,Colorado,39.2026,39.2026,Class B,"Report 529: Couple hears strange cry, finds big footprints in Pike National Forest near Fairplay",2000-09-21
3795,Colorado,39.41087,39.41087,Class A,Report 63153: Daylight sighting by hikers at Mayflower Gulch outside Leadville,2019-07-25
3803,Colorado,38.68775,38.68775,Class B,Report 41935: Couple observe a large dark figure as it watches fishermen at Skaguay Reservoir near Victor,2013-08-05
3811,California,38.6167,38.6167,Class B,Report 12818: Hiker leaves main trail and finds two sets of footprints,2005-10-15
3848,California,41.84998,41.84998,Class B,Report 24929: Husband and wife have a possible encounter in a KOA campground north of Crescent City,2009-01-28
3862,California,38.85556,38.85556,Class A,Report 6639: Couple have night sighting near Lake Tahoe,2003-07-20
3867,California,38.96,38.96,Class B,Report 11837: Man sees and photographs large print on shore of Lake Tahoe,2005-05-05
3895,Colorado,38.9969,38.9969,Class B,Report 20028: Hunter recalls unusual and persistent vocalizations at Carson Lake on the Grand Mesa,1987-10-15
3899,Colorado,37.33815,37.33815,Class B,Report 25511: Couple finds large human-shaped footprints while elk hunting near Bear Creek,2008-10-12
3912,Colorado,38.716,38.716,Class A,Report 17767: Night-time sighting by Marine training near Ft Carson,1986-07-17
3915,Colorado,38.9006,38.9006,Class A,Report 3710: Daytime sighting by Pike's Peak tourist,2001-06-30
3918,Colorado,38.54166,38.54166,Class A,Report 1361: Twenty-two inch tracks found,1998-04-14
3924,Colorado,38.02372,38.02372,Class B,Report 69394: Family hears loud wood knocks at Deer Lakes outside Lake City,2021-06-12
3931,Colorado,39.225,39.225,Class B,"Report 3604: Rancher, wife startled by vocalizations near Leadville",2001-07-30
3932,Colorado,39.15735,39.15735,Class B,Report 24194: Hiker describes possible near encounter on the Colorado Trail near Mt. Massive,2001-09-04
3946,Colorado,37.4125,37.4125,Class B,Report 6755: Another large footprint in SW Colorado high country,2003-08-30
3958,Colorado,37.57915,37.57915,Class A,Report 348: Teen and uncle chase reddish bigfoot in San Isabel National Forest,2000-08-20
3961,Connecticut,41.51105,41.51105,Class B,Report 13585: Possible activity near Salmon River State Forest,2006-01-17
3962,Connecticut,41.42178,41.42178,Class A,"Report 60892: Afternoon sighting by motorist, Wilbur Cross Parkway, approx midway between Berlin and Woodbridge",2018-08-04
3967,Connecticut,42.00356,42.00356,Class B,Report 61150: Security guard on patrol in Canaan area (Summer 2010) describes loud screams and 18-inch tracks,2010-07-13
3969,Connecticut,41.68669,41.68669,Class B,Report 48101: Passenger has possible daylight sighting near New Preston,2016-08-13
3973,Connecticut,41.38622,41.38622,Class A,Report 63731: Recent sighting on Connecticut Water Co. property near Killingworth,2019-10-06
3981,Colorado,38.71954,38.71954,Class B,Report 67551: Hikers find large footprint and unidentified droppings,2020-05-01
4009,Florida,28.48106,28.48106,Class B,Report 25577: Kayaker smells a terrible odor and then sees a hair-covered figure on the Econlockhatchee River,2003-03-15
4010,Florida,28.5465,28.5465,Class B,Report 15694: Possible daytime sighting by motorist on FL Turnpike outside Orlando (near Ocoee exit),2006-09-02
4013,Florida,28.54293,28.54293,Class B,Report 36826: Car passenger spots a large brown figure at the St. John's River near Christmas,2012-10-27
4014,Florida,28.45247,28.45247,Class B,Report 41275: Possible nighttime road crossing on HWY 528 outside Orlando,2013-05-23
4019,Florida,28.13136,28.13136,Class B,Report 35769: Possible sighting at dawn near road kill on US-192 east of Holopaw,2011-08-26
4025,Florida,26.80829,26.80829,Class A,Report 30929: Daylight observation of a hair-covered bipedal figure in the Grassy Waters Preserve,2003-06-14
4026,Florida,28.3836,28.3836,Class A,Report 737: creature seen in an open field by witness.,1984-06-15
4028,Florida,28.252,28.252,Class A,Report 15361: Nighttime sighting by motorist near Land O'Lakes,2006-07-27
4044,Florida,28.525,28.525,Class B,Report 41309: Possible daylight sighting by a bicyclist on the General James A. Van Fleet State Trail,2013-04-29
4047,Florida,27.93991,27.93991,Class B,Report 57991: Large brown figure seen standing in water near Lake Wales,2017-08-02
4056,Florida,27.1788,27.1788,Class B,Report 8561: Husband and wife hear early morning vocalizations near back of Myakka State Park,2004-08-05
4058,Florida,27.19995,27.19995,Class A,Report 47021: Bigfoot crosses SR-72 directly in front a vehicle west of Arcadia and just outside Myakka River State Park,2014-09-09
4062,Florida,28.63434,28.63434,Class B,Report 24134: Homeowner hears possible howls east of Winter Springs,2008-06-30
4068,Florida,28.44926,28.44926,Class A,Report 28200: Father and son have very close daylight sighting in the Green Swamp,2009-10-10
4070,Florida,28.50566,28.50566,Class A,"Report 28237: Weekend camping trip in the Green Swamp is interrupted by a hairy, bipedal intruder",2010-09-05
4088,Florida,28.91605,28.91605,Class B,Report 35574: Possible sighting and footprints found by father and son while setting turtle lines outside Deltona,2012-05-28
4090,Florida,28.96416,28.96416,Class B,"Report 40901: More possible activity from the ""Mole Man"" at Lake Helen",2013-02-24
4108,Florida,30.993,30.993,Class B,"Report 14181: Hunter hears vocalizations, relates other experiences in vicinity.",2006-03-16
4120,Florida,28.80455,28.80455,Class B,Report 22358: Hiker Discovers Possible Bigfoot Scat in Rock Springs State Park,2007-03-15
4121,Florida,28.85982,28.85982,Class A,Report 32249: Memory told of close encounters while working as a fence contractor near Cassia,2007-04-10
4124,Florida,28.98491,28.98491,Class B,Report 31153: Ongoing activity on a family farm near Paisley,2011-07-04
4126,Florida,29.97454,29.97454,Class B,"Report 46604: Driver notices ""Something out of Place"" along Hwy. 42 near Paisley",2014-08-15
4127,Florida,28.20249,28.20249,Class B,Report 50462: Possible daylight road crossing by a blueberry farm in Central Florida,2015-09-26
4146,Florida,29.23723,29.23723,Class A,Report 55574: Daytime road crossing seen by twin sisters near Cedar Key,2016-09-11
4149,Florida,27.35273,27.35273,Class A,Report 57884: Nighttime road crossing outside Parrish,2017-07-10
4169,Florida,27.0099,27.0099,Class A,Report 5369: Man recalls childhood evening encounter in Johnathon Dickenson State Park,2004-08-02
4174,Florida,25.141,25.141,Class A,Report 15170: Daytime sighting near Everglades National Park,2006-03-01
4176,Florida,27.45883,27.45883,Class B,Report 45566: Hunters in the Big Cypress National Preserve observe large biped traversing their recent path,2013-12-15
4182,Florida,30.6098,30.6098,Class A,Report 67412: Couple observes a sasquatch YESTERDAY while hunting deer on Eglin Air Force Base,2020-12-26
4183,Florida,30.68441,30.68441,Class B,Report 67590: Possible sighting with video last THURSDAY on Eglin AFB just south Crestview,2021-01-28
4184,Florida,27.3973,27.3973,Class A,Report 7904: Woman observes small bipedal creature cross 441 near Ft. Drum,2004-01-18
4197,Florida,30.05705,30.05705,Class A,Report 606: witness observed creature running across the road,1986-08-15
4200,Florida,26.9745,26.9745,Class A,Report 45137: Husband and wife have close encounter while roller blading outside Port Charlotte,2001-01-20
4201,Florida,27.07842,27.07842,Class B,Report 27587: Couple hears an unusual scream while camping overnight on the Peace River,2005-10-20
4235,Florida,26.09729,26.09729,Class B,Report 13889: Man describes incidents in teen years in swamp area outside Naples,2007-07-15
4239,Florida,26.1875,26.1875,Class B,Report 32227: Man describes possible encounters off Route 41 near Ochopee,2009-08-16
4244,Florida,25.54494,25.54494,Class A,Report 49084: Memory told of a 'Hairy Man' crossing Hwy. 27 north of Homestead,1975-06-20
4247,Florida,30.4544,30.4544,Class A,Report 8514: Husband and wife have nighttime road-crossing sighting,1994-03-01
4249,Florida,30.2333,30.2333,Class A,Report 446: Security Guards have sighting while on duty near Jacksonville,2000-09-22
4251,Florida,30.25389,30.25389,Class B,Report 26577: Brief daylight sighting of a small primate type creature in a pine forest near Jacksonville,2009-06-18
4253,Florida,30.9725,30.9725,Class B,Report 26947: Hunter and daughter hear chatter and find possible tracks near Escambia River,2009-11-21
4259,Florida,28.54028,28.54028,Class B,Report 22074: Possible early morning encounter by hunters in the Green Swamp,2005-09-01
4263,Florida,28.14617,28.14617,Class A,Report 26377: Young man has a close daylight encounter while riding his bike along the Hillsborough River,2001-01-13
4284,Georgia,34.6527,34.6527,Class B,Report 23701: Vocalization heard at close range on Appalachian Trail (Gooch Mountain Shelter),2005-07-03
4287,Georgia,34.69895,34.69895,Class B,Report 11030: Cavers hears possilble vocalization on Pigeon Mountain,2007-01-16
4292,Georgia,34.672,34.672,Class A,Report 7237: Evening sighting by motorist on Hwy 75 near Duke's Creek,1999-11-25
4294,Georgia,34.68319,34.68319,Class A,Report 9465: Witness watches tall biped cross her backyard,2005-07-14
4299,Georgia,34.70107,34.70107,Class B,Report 25693: Husband and wife hear characteristic vocalizations in the Sautee-Nacoochee Valley,2009-03-15
4300,Florida,29.58358,29.58358,Class A,Report 27076: Woman has close daylight sighting while driving through Payne's Prairie outside Gainesville,2000-06-13
4305,Florida,30.1766,30.1766,Class B,Report 51044: Vacationer has a possible daytime encounter while taking a walk on Shell Island Beach,2015-07-14
4306,Florida,29.97917,29.97917,Class A,Report 41503: Nighttime road crossing near Camp Blanding,2012-06-12
4315,Florida,26.08285,26.08285,Class A,"Report 594: a sighting by a group of boys along a canal, a mile or so north of South New River.",1980-07-15
4316,Florida,26.28585,26.28585,Class B,Report 1831: Foot steps heard while walking on trail at night,1994-09-15
4333,Georgia,31.62608,31.62608,Class B,Report 35631: Woman sees a tall figure at night outside her home in a subdivision south of Leesburg,2012-05-30
4334,Georgia,31.9853,31.9853,Class A,Report 28526: Encounter by a squad on maneuvers while training at Fort Stewart,2004-07-15
4349,Georgia,34.05198,34.05198,Class A,Report 38873: Dusk sighting in the middle of the road by a husband and wife while driving outside Cedartown,2012-07-15
4350,Georgia,33.95003,33.95003,Class B,Report 41169: Motorist sees a tall man-like figure standing in a field at dawn near Cedartown,2013-05-10
4363,Georgia,33.70037,33.70037,Class A,Report 6097: Man describes childhood sighting at rural property on the outskirts of Atlanta,1961-09-01
4365,Georgia,33.49565,33.49565,Class A,Report 26313: Motorist has late night visual encounter near Tyrone,2009-07-17
4375,Georgia,33.37111,33.37111,Class A,"Report 68899: Four senior golfers observe a sasquatch next to Whitewater Creek Golf Course, 27 mi south of Atlanta",2018-12-15
4381,Georgia,34.37537,34.37537,Class B,Report 17249: Possible vocalizations and an approach to a residence outside Gainesville,2006-12-31
4382,Georgia,33.81871,33.81871,Class A,Report 56061: Nighttime sighting by a husband and wife driving near Rockmart,2016-12-03
4392,Georgia,33.32442,33.32442,Class A,Report 9712: Early evening encounter near Riverdale,1984-07-15
4396,Georgia,33.5388,33.5388,Class A,"Report 7113: Brothers have close, long sighting of ""thing"" in Wolf Creek",2003-10-26
4398,Georgia,32.5754,32.5754,Class A,Report 69052: Motorists sighting at night 8 miles north of Statesboro,2019-12-20
4408,Georgia,31.2137,31.2137,Class B,Report 17477: Witness and family hear Mississippi type howl from wooded area near home,2003-08-12
4417,Iowa,41.62183,41.62183,Class A,"Report 1271: Six foot tall or taller, black creature was observed leaping into the air and disappearing into the trees on a bike trail near the Des Moines River",2000-02-15
4425,Georgia,34.1088,34.1088,Class B,Report 2094: Second report of scream by resident near Red Top Mountain State Park,1999-06-16
4431,Iowa,41.461,41.461,Class A,Report 23489: Nighttime sighting near Goeldner Woods County Park,2007-11-22
4445,Iowa,42.50969,42.50969,Class B,Report 36514: Father and son are approached by three large bipeds while fishing at dusk west of Asbury,2012-09-21
4446,Iowa,42.33531,42.33531,Class A,Report 51678: Multiple sightings on family property near Cascade,2015-11-30
4470,Idaho,43.71597,43.71597,Class B,Report 71863: Elk hunters hear loud wood knocks from multiple directions in remote forest 40 miles east of Boise,2021-10-29
4485,Idaho,46.97822,46.97822,Class A,Report 57248: Late night road crossing sighting near Potlatch on Hwy 95 spooks woman,2011-02-15
4486,Idaho,46.75473,46.75473,Class B,Report 67401: Hunter gets spooked by loud knocks 7 miles south of Bovill,2020-10-09
4498,Idaho,47.19253,47.19253,Class B,"Report 65369: Family hears ""Ohio Howls"" in the historic Marble Creek drainage, 47 mi SE of Coeur dAlene",2019-07-13
4499,Idaho,47.23444,47.23444,Class B,"Report 65924: Camper hears Wood Knocks, Whoops and has a possible sighting on the St. Joe River",2020-08-08
4508,Iowa,40.8348,40.8348,Class B,Report 24056: Hunter describes combination of rock clacking and bird-like vocals in public hunting area near Van Wert,2008-05-28
4514,Idaho,43.41005,43.41005,Class A,Report 16527: Multiple witness incident at night near Idaho Falls,2006-11-04
4521,Illinois,42.1846,42.1846,Class A,Report 19910: Nighttime sighting by property owner near Kishwaukee River.,1994-10-22
4544,Idaho,48.74915,48.74915,Class B,Report 42647: Hunter finds possible footprints and knuckle prints near Priest Lake,2013-11-02
4550,Idaho,48.73665,48.73665,Class B,"Report 65276: Husband and wife hear vocals while making camp at dark, near Priest Lake.",2017-10-07
4559,Idaho,46.75905,46.75905,Class B,Report 61107: Archery hunter describes possible stalking incident outside the town of Headquarters,2021-11-08
4576,Illinois,39.65749,39.65749,Class B,Report 28370: Memory told of a possible encounter and footprint found along Horse Creek north of Pawnee,1978-08-01
4584,Illinois,39.73333,39.73333,Class B,Report 39098: Possible sighting near University of Illinois Springfield soccer fields.,2012-10-04
4589,Illinois,38.51689,38.51689,Class A,Report 33638: Woman recalls her night time sighting while fishing behind her home near Columbia,1991-11-16
4594,Illinois,40.67577,40.67577,Class A,Report 40075: Daylight sighting along levee in East Peoria,2013-02-26
4596,Illinois,37.56937,37.56937,Class A,Report 57880: Juvenile observed during the daytime by a bow hunter near Alto Pass,2013-10-29
4598,Illinois,37.4351,37.4351,Class A,Report 50341: Home owner gets a good look at his frequent visitor one night near Jonesboro,2015-11-21
4599,Illinois,40.09169,40.09169,Class B,Report 55144: Hunter describes strange encounters and finds a possible footprint near Kickapoo State Park,2015-11-12
4607,Illinois,41.73534,41.73534,Class B,Report 33264: Photos taken of possible footprints found on rural property near Albany,2012-01-23
4612,Illinois,39.8352,39.8352,Class B,Report 47469: Memory told of possible vocalizations and footprints found near Atwood,2015-01-02
4616,Illinois,42.18476,42.18476,Class A,Report 32400: Jogger has daylight sighting on Prairie Trail near Algonquin,2008-09-13
4619,Illinois,41.02524,41.02524,Class B,Report 55386: Witness recalls possible nighttime sighting near Sparland,2016-08-16
4626,Illinois,38.72226,38.72226,Class A,Report 25267: Memory told of a sasquatch standing in headlights on Christmas Eve west of St. Jacob,1980-12-24
4634,Illinois,38.66736,38.66736,Class B,Report 56168: Possible nighttime sighting along Scott-Troy Road south of Troy,2017-01-20
4640,Illinois,37.2276,37.2276,Class B,Report 29227: Possible footprints found near Metropolis,2011-05-03
4641,Illinois,40.45428,40.45428,Class B,Report 40995: Possible sighting of animal playing peek-a-boo at Argyle Lake State Park.,2009-07-15
4642,Illinois,40.45273,40.45273,Class A,Report 36406: Daylight sighting by a camper in Argyle Lake State Park,2012-08-09
4645,Illinois,42.38553,42.38553,Class B,Report 67486: Possible vocalizations after midnight from cornfield near Wonder Lake,2021-01-09
4657,Illinois,38.0985,38.0985,Class B,Report 18584: Possible vocalization heard near Pyramid State Park.,2007-10-15
4658,Illinois,37.1142,37.1142,Class B,Report 5742: Young man hears nighttime vocalizations and is followed in woods near Mounds.,2004-11-27
4667,Illinois,38.32304,38.32304,Class B,Report 65795: Motorists' sighting of a possible sasquatch along Interstate 64 outside Mt. Vernon,2020-07-21
4668,Illinois,39.02341,39.02341,Class A,Report 29265: Motorists have sighting at night near Otterville,2008-05-23
4672,Illinois,41.625,41.625,Class B,Report 15019: Possible vocalizations heard near Yorkville,2006-06-21
4680,Illinois,41.42396,41.42396,Class A,Report 30003: Late night encounter by a motorcyclist outside of Marseilles,2011-07-18
4681,Illinois,41.4209,41.4209,Class A,Report 30896: Second nighttime sighting by motorcyclist north of Marseilles,2011-10-20
4687,Illinois,38.71682,38.71682,Class A,Report 31858: Motorists have nighttime sighting on outskirts of Lawrenceville,2011-12-19
4689,Illinois,41.86395,41.86395,Class B,Report 11121: Hikers find large footprint along Franklin Creek.,2003-06-14
4690,Illinois,40.14471,40.14471,Class A,Report 30203: Nighttime sighting by motorists along I-55 near Lincoln,2004-10-30
4704,Illinois,39.2038,39.2038,Class B,Report 47412: Motorist has possible night time sighting near Plainview,2014-12-27
4719,Illinois,40.19732,40.19732,Class A,Report 28110: Night fisherman has sighting at Clinton Lake boat docks,2009-06-27
4733,Illinois,40.5634,40.5634,Class B,Report 28569: Wood knock and possible nighttime sighting east of Canton Lake,2008-12-27
4737,Illinois,41.3368,41.3368,Class A,Report 11831: Snake hunter has daytime sighting near Seneca.,2005-06-02
4738,Illinois,41.3368,41.3368,Class A,Report 12439: Three men have daylight sighting near Seneca,2005-06-10
4743,Illinois,37.44508,37.44508,Class B,Report 69321: Possible Sasquatch sighting by camper near Camp Cadiz in Shawnee National Forest,2021-06-13
4746,Illinois,40.9119,40.9119,Class A,Report 43619: Motorist has twilight sighting south of Oquawka.,2014-05-12
4751,Illinois,37.71917,37.71917,Class A,Report 36306: Motorist has daytime sighting near railroad tracks west of Murphysboro,2011-03-05
4753,Illinois,37.61335,37.61335,Class B,Report 40120: Possible vocalizations and rock throwing east of Makanda,2013-03-01
4754,Illinois,37.63264,37.63264,Class A,Report 44003: Close encounter while fishing remembered near Giant City State Park,2014-05-14
4756,Illinois,37.59461,37.59461,Class B,"Report 66182: Hammock Slapped, Bipedal Walking, and Two Vocalizations Experienced by Trio of Campers",2020-10-12
4758,Illinois,39.40458,39.40458,Class B,Report 39084: Semi truck driver on I-70 observes a large ape-like creature in a field near Marshall,2013-01-16
4762,Illinois,38.946,38.946,Class A,Report 23395: Deer hunters have close sighting along Dry Fork Creek.,2006-10-16
4769,Indiana,40.38335,40.38335,Class B,Report 27976: Strange vocalization heard while calling for a kitten on the Wabash River,2010-07-10
4773,Indiana,39.4862,39.4862,Class A,Report 10678: Youth has daylight sighting near New Pekin.,1999-06-12
4775,Indiana,38.71342,38.71342,Class B,"Report 65589: RECENT: Knocks heard in daylight near Spurgeon Hollow Lake, 10mi N of Salem",2020-06-12
4781,Illinois,40.06831,40.06831,Class A,Report 71920: SATURDAY NIGHT 10:30 : Motorist sighting of a sasquatch crossing Route 78 near Sangamon River,2021-11-27
4788,Illinois,41.53346,41.53346,Class B,Report 39851: Motorists have possible nighttime sighting in Green Belt Forest Preserve,2010-08-14
4792,Illinois,41.63039,41.63039,Class B,Report 35593: Possible nighttime sighting by motorists along border of Orland Grove Forest Preserve,2012-05-29
4793,Illinois,41.53346,41.53346,Class A,Report 38395: Motorists have nighttime sighting north of Matteson.,2012-12-20
4795,Illinois,41.63289,41.63289,Class B,Report 45041: Man recalls possibly seeing a bigfoot playing peek-a-boo in headlights while parked west of Midlothian,2014-05-14
4798,Illinois,41.53887,41.53887,Class B,Report 51417: Possible early morning sighting near Glenwood Woods,2016-03-14
4804,Indiana,39.365,39.365,Class A,Report 10153: Motorist has nighttime sighting of animal in soybean field near Flat Rock,2005-01-23
4817,Indiana,39.32117,39.32117,Class A,Report 24815: Man recalls his observation of a creature crossing a road while hunting in the Morgan-Monroe State Forest,1988-11-30
4821,Indiana,39.02502,39.02502,Class B,"Report 28861: Loud, early morning vocalizations heard by duck hunters near Lake Monroe",2009-10-22
4827,Indiana,39.74356,39.74356,Class B,Report 25237: Father and son hear possible vocalizations and knocks on their property west of Indianapolis,2008-12-01
4834,Indiana,40.8179,40.8179,Class A,Report 28803: Hunter has possible encounter near Huntington Reservoir,1997-11-01
4853,Indiana,39.3579,39.3579,Class A,Report 9642: Motorist has daylight sighting of two animals east of Waubee Lake.,2005-01-21
4862,Kansas,39.072,39.072,Class A,Report 12067: Youth has sighting while fishing on Kansas River near Topeka,1978-07-08
4880,Indiana,39.2065,39.2065,Class A,Report 35236: Eight years ago like it was only eight days,2012-05-01
4882,Indiana,39.24841,39.24841,Class A,Report 65536: Father & daughter sighting in Yellowwood State Forest,2020-05-09
4884,Kansas,38.62563,38.62563,Class A,Report 25860: Early morning driver spots bipedal animal eating corn near Little John Creek near Dunlap,2009-08-10
4887,Kansas,38.53062,38.53062,Class A,Report 63795: Motorist sighting on Hwy 169 between Paola and Osawatomie,1994-11-04
4904,Kansas,37.56215,37.56215,Class A,Report 69193: Two motorists spot a Sasquatch TWO DAYS AGO on South Fork Ninnescah River 30 miles west of Witchita,2021-05-17
4912,Kentucky,38.24361,38.24361,Class B,Report 36230: Hunter gets investigated while in his blind outside Bagdad,2011-11-20
4918,Kentucky,37.7755,37.7755,Class B,Report 23730: Bowhunters get unexpected response near Boston,1978-11-15
4921,Kentucky,37.6095,37.6095,Class A,Report 22981: Motorcyclist has up-close sighting near Beech Grove,2006-07-12
4928,Kentucky,37.2731,37.2731,Class B,Report 2429: High-pitched growling scream heard by witnesses.,1986-07-01
4936,Kentucky,37.53918,37.53918,Class B,Report 50746: Possible aggressive behavior at new rural cabin site near Stanton,2015-12-22
4940,Kentucky,36.75139,36.75139,Class A,Report 13289: Daytime sighting near Canton on State Route 164,2005-07-15
4941,Kentucky,36.8216,36.8216,Class A,Report 33322: Nighttime sighting while leaving Lake Barkley State Park,2010-08-15
4945,Kentucky,36.8207,36.8207,Class A,"Report 317: Sighting by a courier near Benton, across from a log cabin on Cole Cemetery Road",1990-04-15
4952,Kentucky,37.65805,37.65805,Class B,Report 27323: Possible harrassment at a secluded cabin near Zachariah,2009-10-13
4953,Kentucky,38.1078,38.1078,Class A,Report 30198: Man tells of his two encounters 30 years apart,1983-08-01
4959,Kentucky,37.49582,37.49582,Class A,Report 24131: Large bipedal animal strolls past home near the Daniel Boone National Forest,2006-12-22
4970,Kentucky,38.02825,38.02825,Class A,Report 7023: Deer hunter has early morning sighting near Blaine,2005-02-09
4975,Kentucky,38.195,38.195,Class B,Report 61108: Farmer family frightened by ongoing Class B activity around rural home in hollers 12.5 miles south of Grayson,2018-10-20
4989,Kentucky,38.528,38.528,Class A,Report 8715: Motorist has nighttime sighting of animal along Interstate 75.,2005-02-02
4997,Kentucky,38.33885,38.33885,Class B,Report 1850: Man relates series of events over several years after seeing a report posted from 3-4 miles away,1983-01-15
5001,Kentucky,36.9372,36.9372,Class A,Report 2363: Late night sighting by motorists along Highway 121,1993-01-20
5007,Kentucky,38.53187,38.53187,Class A,"Report 1265: Sighting of 8-foot tall, upright creature",2001-01-04
5013,Kentucky,37.97699,37.97699,Class A,Report 33187: Dual sighting in late afternoon by deer hunter in tree stand near Lawrenceburg,2011-11-15
