,Long,Lat,Code,Campground,Type,City,State
,41.651,-73.098,BLAC,Black Rock State Park,SP,Thomaston,CT
,41.484,-72.342,DEVI,Devils Hopyard State Park,SP,East Haddam,CT
,41.534,-71.811,GREE,Green Falls - Pachaug State Forest,SF,,CT
,41.265,-72.556,HAMM,Hammonasset State Park,SP,Madison,CT
,41.935,-73.004,HAWS,Haws Memorial - American Legion State Forest,SF,Barkhamsted,CT
,41.602,-71.926,HOPE,Hopeville Pond State Park,SP,Griswold,CT
,41.823,-73.377,HOUS,Housatonic Meadows State Park,SP,Sharon,CT
,41.421,-73.205,KETT,Kettletown State Park,SP,Southbury,CT
,41.709,-73.384,LAKE,Lake Waramaug State Park,SP,Kent,CT
,41.777,-73.494,MACE,Macedonia Brook State Park,SP,Kent,CT
,41.859,-71.985,MASH,Mashamoquet Brook State Park,SP,Pomfret Center,CT
,41.593,-71.869,MOUN,Mount Misery - Pachaug State Forest,SF,Voluntown,CT
,41.71,-73.224,POIN,Point Folly - White Memorial,CP,Bantam,CT
,41.31,-72.243,ROCK,Rocky Neck State Park,SP,Niantic,CT
,41.651,-72.093,SALT,Salt Rock State Park,SP,Baltic,CT
,41.954,-71.894,WEST,West Thompson Lake,COE,,CT
,41.727,-73.216,WIND,Windmill Hill - White Memorial,CP,Litchfield,CT
,41.852,-71.971,WOLF,Wolf Den - Mashamoquet Brook State Park,SP,Pomfret Center,CT
,38.78,-75.117,CAPE,Cape Henlopen State Park,SP,Lewes,DE
,38.606,-75.066,DELA,Delaware Seashore State Park,SP,Rehoboth Beach,DE
,39.114,-75.457,DOVE,Dover AFB Military,MIL,Dover,DE
,38.979,-75.534,KILL,Killens Pond State Park,SP,Felton,DE
,39.548,-75.718,LUMS,Lums Pond State Park,SP,Kirkwood,DE
,38.645,-75.6,SORO,Soroptimist Park,CP,Seaford,DE
,38.53,-75.476,TRAP,Trap Pond State Park,SP,Laurel,DE
,42.608,-72.533,BART,Barton Cove,UTIL,Gill,MA
,42.205,-73.292,BEAR,Beartown State Forest,SF,Monterey,MA
,41.751,-70.593,BOUR,Bourne Scenic City Park,CP,Bourne,MA
,42.254,-72.934,CHES,Chester - Blanford State Forest,SF,Chester,MA
,42.734,-73.076,CLAR,Clarksburg State Park,SP,Clarksburg,MA
,42.456,-72.791,DARS,DAR State Forest,SF,Ashfield,MA
,42.607,-72.408,ERVI,Erving State Forest,SF,Erving,MA
,42.161,-70.706,FOUR,Fourth Cliff Military,MIL,Marshfield,MA
,42.053,-72.969,GRAN,Granville State Forest,SF,Granville,MA
,42.473,-71.28,HANS,Hanscom AFB Military,MIL,Bedford,MA
,42.611,-71.091,HARO,Harold Parker State Forest,SF,Andover,MA
,42.684,-73.092,HIST,Historic Valley,CP,North Adams,MA
,41.5,-71.041,HORS,Horseneck Beach State Reservation,SR,Westport,MA
,42.648,-72.083,LAKE,Lake Dennison State Park,SP,Winchendon,MA
,41.87,-70.985,MASS,Massasoit State Park,SP,East Taunton,MA
,42.642,-72.941,MOHA,Mohawk Trail State Forest,SF,Charlemont,MA
,42.632,-73.188,MTGR,Mt. Greylock State Reservation,SR,Williamstown,MA
,41.867,-70.667,MYLE,Myles Standish State Forest,SF,Plymouth,MA
,41.764,-70.033,NICK,Nickerson State Forest Park,SF,Brewster,MA
,42.336,-73.234,OCTO,October Mountain State Forest,SF,,MA
,42.626,-72.078,OTTE,Otter River State Forest,SF,Baldwinville,MA
,42.655,-71.758,PEAR,Pearl Hill State Park,SP,West Townsend,MA
,42.504,-73.32,PITT,Pittsfield State Forest,SF,Hancock,MA
,42.842,-70.823,SALI,Salisbury Beach State Reservation,SR,Salisbury,MA
,42.647,-73.047,SAVO,Savoy Mountain State Forest,SF,Florida,MA
,41.778,-70.506,SCUS,Scusset Beach State Park,SP,Sandwich,MA
,41.756,-70.514,SHAW,Shawme Crowell State Forest,SF,Sandwich,MA
,42.145,-73.05,TOLL,Tolland State Forest,SF,Otis,MA
,42.65,-72.21,TULL,Tully Lake,RES,Royalston,MA
,41.672,-70.571,CAPE,USCG Cape Cod RV,MIL,Buzzards Bay,MA
,42.141,-72.042,WELL,Wells State Park,SF,Sturbridge,MA
,42.19,-72.554,WEST,Westover ARB Military,MIL,,MA
,42.66,-71.79,WILL,Willard Brook State Forest,SF,Townsend,MA
,42.554,-72.986,WIND,Windsor State Forest,SF,Williamsburg,MA
,42.531,-70.869,WINT,Winter Island Park,CP,Salem,MA
,42.2,-70.846,WOMP,Wompatuck State Park,SP,Hingham,MA
,39.485,-76.159,ABER,Aberdeen Proving Ground RV Park,MIL,Aberdeen,MD
,38.785,-76.882,ANDR,Andrews AFB Military,MIL,Clinton,MD
,38.99,-76.472,ANNA,Annapolis Military,MIL,Annapolis,MD
,38.229,-75.144,ASSA,Assateague State Park,SP,,MD
,38.208,-75.162,BAYS,Bayside - Assateague National Seashore,NP,Berlin,MD
,39.545,-79.14,BIGR,Big Run State Park,SP,Grantsville,MD
,38.618,-76.514,BREE,Breezy Point Beach,CP,Chesapeak Beac,MD
,39.307,-77.613,BRUN,Brunswick City Campground,CP,Brunswick,MD
,39.095,-76.731,CAMP,Camp Meade RV Military,MIL,Fort Meade,MD
,38.647,-76.818,CEDA,Cedarville State Forest,SF,Brandywine,MD
,39.516,-79.31,DEEP,Deep Creek Lake State Park,SP,Swanton,MD
,39.48,-75.985,ELKN,Elk Neck State Park,SP,North East,MD
,39.625,-78.385,FIFT,Fifteen Mile Creek - C and O Canal National Park,NP,Pratt,MD
,39.604,-78.008,FORT,Fort Frederick State Park,SP,Big Pool,MD
,39.459,-77.492,GAMB,Gambrill State Park,SP,Frederick,MD
,38.289,-76.384,GOOS,Goose Creek Military,MIL,Patuxent River,MD
,39.657,-78.457,GREE,Green Ridge State Forest - Dispersed,SF,Flintstone,MD
,38.996,-76.895,GREL,Greenbelt Park,NP,Greenbelt,MD
,39.536,-77.617,GREB,Greenbrier State Park,SP,Boonsboro,MD
,39.244,-76.745,HILT,Hilton - Patapsco Valley State Park,SP,Catonsville,MD
,39.295,-76.787,HOLL,Hollofield - Patapsco Valley State Park,SP,Ellicott City,MD
,39.619,-77.466,HOUC,Houck Area - Cunningham Falls State Park,SP,Thurmont,MD
,38.011,-75.847,JANE,Janes Island State Park,SP,Crisfield,MD
,39.247,-77.291,LITT,Little Bennett Regional Park,CP,Clarksburg,MD
,39.378,-79.272,LOST,Lost Land Run  - Potomac State Forest,SF,Oakland,MD
,38.737,-76.912,LOUI,Louise F. Cosca Regional Park,CP,Clinton,MD
,39.582,-77.436,MANO,Manor Area - Cunningham Falls State Park,SP,Thurmont,MD
,38.865,-75.837,MART,Martinak State Park,SP,Denton,MD
,39.608,-77.969,MCCO,McCoys Ferry - C and O Canal National Park,NP,Williamsport,MD
,38.128,-75.491,MILB,Milburn Landing - Pocomoke State Park,SP,Pocomoke City,MD
,39.717,-79.386,MILR,Mill Run - Youghiogheny River Lake,COE,Friendsville,MD
,39.631,-79.129,NEWG,New Germany State Park,SP,Grantsville,MD
,38.198,-75.156,OCEA,Oceanside - Assateague National Seashore,NP,Berlin,MD
,39.653,-77.488,OWEN,Owens Creek - Catoctin Mountain National Park,NP,Sabillasville,MD
,38.063,-76.331,POIN,Point Lookout State Park,SP,Scotland,MD
,39.696,-78.651,ROCK,Rocky Gap State Park,SP,Flintstone,MD
,39.619,-79.148,SAVA,Savage River State Forest,SP,Grantsville,MD
,38.134,-75.439,SHAD,Shad  Landing - Pocomoke State Park,SP,Snow Hill,MD
,39.408,-76.28,SKIP,Skippers Point Military,MIL,Gunpowder,MD
,38.554,-77.181,SMAL,Smallwood State Park,SP,Marbury,MD
,38.34,-76.467,SOLO,Solomons Navy Military,MIL,Solomons Islan,MD
,39.564,-78.718,SPRI,Spring Gap - C and O Canal National Park,NP,Cumberland,MD
,39.612,-76.165,SUSQ,Susquehanna State Park,SP,Havre de Grace,MD
,39.499,-79.422,SWAL,Swallow Falls State Park,SP,Oakland,MD
,38.981,-75.932,TUCK,Tuckahoe State Park,SP,Queen Anne,MD
,39.346,-79.269,WALL,Wallman/Laurel Run - Potomac State Forest,SF,Oakland,MD
,45.874,-68.962,ABOL,Abol - Baxter State Park,SP,Millinocket,ME
,46.61,-68.003,AROO,Aroostook State Park,SP,Presque Isle,ME
,44.268,-71.022,BASI,Basin,NF,Gilead,ME
,44.313,-68.214,BLAC,Blackwoods - Acadia National Park,NP,Bar Harbor,ME
,43.9,-70.179,BRAD,Bradbury Mountain State Park,SP,Pownal,ME
,44.23,-69.047,CAMD,Camden Hills State Park,SP,Camden,ME
,44.854,-67.153,COBS,Cobscook Bay State Park,SP,Dennysville,ME
,44.265,-71.013,COLD,Cold River,NF,Fryeburg,ME
,44.31,-70.824,CROC,Crocker Pond,NF,Bethel,ME
,44.953,-68.282,GREA,Great Pond Military,MIL,Great Pond,ME
,44.352,-70.984,HAST,Hastings,NF,Gilead,ME
,45.887,-69.997,KATA,Katahdin Stream - Baxter State Park,SP,Seboomook Lake,ME
,44.398,-69.348,LAKE,Lake St. George State Park,SP,Liberty,ME
,44.456,-68.298,LAMO,Lamoine State Park,SP,Trenton,ME
,45.569,-69.542,LILY,Lily Bay State Park,SP,Greenville,ME
,45.524,-68.264,MATT,Mattawamkeag Wilderness Park,CP,Lincoln,ME
,44.485,-67.859,MCCL,McClellan City Park,CP,Columbia Falls,ME
,44.681,-70.448,MOUN,Mount Blue State Park,SP,Weld,ME
,45.976,-69.078,NESO,Nesowadnehunk Field - Baxter State Park,SP,Millinocket,ME
,45.26,-69.289,PEAK,Peaks - Kenny State Park,SP,Dover-Foxcroft,ME
,44.939,-70.72,RANG,Rangeley Lake State Park,SP,Rangeley,ME
,44.882,-67.132,REVE,Reversing Falls Park,CP,Pembroke,ME
,47.255,-68.593,RIVE,Riverside Park,CP,Fort Kent,ME
,45.92,-68.859,ROAR,Roaring Brook - Baxter State Park,SP,Millinocket,ME
,44.05,-70.68,SALM,Salmon Point City Campground,CP,Bridgton,ME
,44.241,-68.306,SEAW,Seawall - Acadia National Park,NP,Southwest Harb,ME
,43.942,-70.546,SEBA,Sebago Lake State Park,SP,Casco,ME
,46.109,-68.9,SOUT,South Branch Pond - Baxter State Park,SP,Millinocket,ME
,44.036,-70.982,SWAN,Swans Falls Campground,AMC,Fryeburg,ME
,46.167,-68.854,TROU,Trout Brook Farm - Baxter State Park,SP,Millinocket,ME
,44.306,-71.063,WILD,Wild River,NF,Gilead,ME
,43.804,-70.113,WINS,Winslow City Park,CP,Freeport,ME
,44.269,-71.021,BASI,Basin,NF,Gilead,NH
,43.115,-71.331,BEAR,Bear Brook State Park,SP,Allenstown,NH
,44.049,-71.561,BIGR,Big Rock,NF,Lincoln,NH
,44.007,-71.245,BLAC,Blackberry Crossing,NF,Conway,NH
,43.871,-71.63,CAMP,Campton,NF,Campton,NH
,44.177,-71.696,CANN,Cannon Mountain RV Park,SP,Franconia,NH
,43.651,-71.884,CARD,Cardigan Campsites,AMC,Alexandria,NH
,44.265,-71.013,COLD,Cold River,NF,North Chatham,NH
,44.944,-71.328,COLE,Coleman State Park,SP,Stewartstown,NH
,44.003,-71.232,COVE,Covered Bridge,NF,Conway,NH
,45.191,-71.191,DEER,Deer Mountain,SF,Pittsburg,NH
,44.333,-71.219,DOLL,Dolly Copp,NF,Gorham,NH
,44.178,-71.4,DRYR,Dry River - Crawford Notch State Park,SP,Harts Location,NH
,43.574,-71.355,ELLA,Ellacoya State Beach and RV Park,SP,Gilford,NH
,42.958,-71.887,GREE,Greenfield State Park,SP,Greenfield,NH
,43.546,-71.365,GUNS,Gunstock Area,CP,Gilford,NH
,42.899,-70.816,HAMP,Hampton Beach State Park,SP,Hampton,NH
,44.064,-71.594,HANC,Hancock,NF,Lincoln,NH
,44.25,-71.556,HAYS,Haystack Road,NF,Twin Mountain,NH
,43.998,-71.334,JIGG,Jigger Johnson,NF,Conway,NH
,44.139,-71.685,LAFA,Lafayette - Franconia Notch State Park,SP,Franconia Notch,NH
,45.06,-71.302,LAKE,Lake Francis State Park,SP,Pittsburg,NH
,44.572,-71.224,MILA,Milan Hill State Park,SP,Milan,NH
,44.738,-71.144,MOLL,Mollidgewock State Park,SP,Errol,NH
,42.844,-72.074,MONA,Monadnock State Park,SP,Jaffrey,NH
,44.4,-71.231,MOOS,Moose Brook State Park,SP,Gorham,NH
,43.321,-72.063,MOUS,Mount Sunapee,SP,Newbury,NH
,42.948,-71.622,NEW,New Boston Military,MIL,New Boston,NH
,43.998,-71.371,PASS,Passaconaway,NF,Conway,NH
,43.08,-71.173,PAWT,Pawtuckaway State Park,SP,Nottingham,NH
,43.234,-72.116,PILL,Pillsbury State Park,SP,Washington,NH
,44.009,-71.649,RUSS,Russell Pond,NF,Lincoln,NH
,43.72,-72.261,STOR,Storrs Pond Rec Area,CP,Hanover,NH
,44.26,-71.505,SUG1,Sugarloaf 1,NF,Twin Mountain,NH
,44.258,-71.504,SUG2,Sugarloaf 2,NF,Twin Mountain,NH
,43.995,-71.636,TRIP,Tripoli Rd,NF,Campton,NH
,44.704,-71.05,UMBA,Umbagog Lake,SP,Cambridge,NH
,43.942,-71.509,WATE,Waterville,NF,Waterville Valley,NH
,42.94,-72.305,WHEE,Wheelock Park Campground,CP,Keene,NH
,43.845,-71.225,WHIK,White Lake State Park,SP,Tamworth,NH
,43.954,-71.214,WHIL,White Ledge,NF,Conway,NH
,44.305,-71.065,WILR,Wild River,NF,Gilead,NH
,44.075,-71.794,WILW,Wildwood,NF,North Woodstock,NH
,44.265,-71.501,ZEAL,Zealand,NF,Twin Mountain,NH
,40.162,-74.131,ALLA,Allaire State Park,SP,Farmingdale,NJ
,39.743,-74.734,ATSI,Atsion - Wharton State Forest,SF,Shamong,NJ
,39.624,-74.434,BASS,Bass River State Forest,SF,Tuckerton,NJ
,39.243,-74.849,BELL,Belleplain State Forest,SF,Woodbine,NJ
,39.37,-74.558,BIRC,Birch Grove,CP,Northfield,NJ
,39.872,-74.522,BREN,Brendan Byrne State Forest,SF,Vincentown,NJ
,40.41,-75.038,BULL,Bulls Island State Park,SP,Stockton,NJ
,40.446,-74.266,CHEE,Cheesequake State Park,SP,South Amboy,NJ
,40.264,-74.157,EARL,Earle RV Military,MIL,Colts Neck,NJ
,39.69,-74.547,GODF,Godfrey Bridge - Wharton State Forest,SF,Chatsworth,NJ
,41.291,-74.689,HIGH,High Point State Park - Sawmill Area,SP,Sussex,NJ
,40.917,-74.915,JENN,Jenny Jump State Forest,SF,Blairstown,NJ
,41.002,-74.59,MAHL,Mahlon Dickerson Reservation,CP,Lake Hopatcong,NJ
,41.027,-75,MOHI,Mohican Walk-In Campsites,AMC,Blairstown,NJ
,41.227,-74.762,OCQU,Ocquittunk - Stokes State Forest,SF,Branchville,NJ
,39.509,-75.139,PARV,Parvin State Park,SP,Pittsgrove Twp.,NJ
,40.001,-74.552,RANG,Range 14 Camp Military - Ft Dix,MIL,Browns Mills,NJ
,40.45,-73.991,SANH,Sandy Hook - Gateway National Rec Area,NP,Highlands,NJ
,41.198,-74.795,SHOT,Shotwell - Stokes State Forest,SF,Sandyston,NJ
,40.663,-74.939,SPRU,Spruce Run Recreation Area,SP,Clinton,NJ
,40.872,-74.81,STEP,Stephens State Park,SP,Hackettstown,NJ
,41.076,-74.82,SWAR,Swartswood State Park,SP,Newton,NJ
,40.197,-74.298,TURK,Turkey Swamp,CP,Freehold,NJ
,40.696,-74.887,VOOR,Voorhees State Park,SP,Glen Gardner,NJ
,40.011,-74.611,WILP,Willow Pond Camp Military - Ft Dix,MIL,Fort Dix,NJ
,41.005,-75.104,WORT,Worthington State Forest,SF,Columbia,NJ
,44.568,-73.423,AUSA,Ausable Point  - DEC,SPR,Peru,NY
,42.485,-76.807,BACK,Backbone Horse Camp,NF,Burdett,NY
,40.762,-73.449,BATT,Battle Row,CP,Old Bethpage,NY
,42.118,-75.069,BEAR,Bear Spring Mountain - DEC,SPR,Walton,NY
,41.229,-74.07,BEVP,Beaver Pond - Harriman State Park,SP,Stony Point,NY
,41.979,-74.839,BEVK,Beaverkill - DEC,SPR,Roscoe,NY
,41.27,-73.925,BLUE,Blue Mountain Reservation,CP,Peekskill,NY
,42.484,-76.799,BLUB,Blueberry Patch,NF,Burdett,NY
,40.825,-73.222,BLYD,Blydenburgh Park,CP,Smithtown,NY
,42.522,-75.68,BOWM,Bowman Lake State Park,SP,Oxford,NY
,44.505,-74.118,BUCK,Buck Pond - DEC,SPR,Gabriels,NY
,44.163,-76.265,BURN,Burnham Point State Park,SP,Cape Vincent,NY
,42.416,-76.521,BUTT,Buttermilk Falls State Park,SP,Ithaca,NY
,42.037,-78.846,CAIN,Cain Hollow (Quaker Area) - Allegany State Park,SP,Salamanca,NY
,43.125,-74.468,CARO,Caroga Lake - DEC,SPR,Johnstown,NY
,40.87,-72.943,CATH,Cathedral Pines County Park,CP,Middle Island,NY
,42.896,-76.753,CAYU,Cayuga Lake State Park,SP,Seneca Falls,NY
,44.204,-76.197,CEDP,Cedar Point State Park,SP,Clayton,NY
,41.028,-72.226,CEDS,Cedar Point Suffolk County Park,CP,East Hampton,NY
,42.215,-75.818,CHEN,Chenango Valley State Park,SP,Chenango Forks,NY
,42.622,-73.41,CHER,Cherry Plain State Park,SP,Cherry Plain,NY
,41.461,-73.831,CLAR,Clarence Fahnestock State Park,SP,Carmel,NY
,42.384,-76.86,CLUT,Clute Memorial Park,CP,Watkins Glen,NY
,44.892,-75.14,COLE,Coles Creek State Park,SP,Waddington,NY
,42.3,-75.743,COOK,Cook County Park,CP,Greene,NY
,42.121,-73.52,COPA,Copake Falls - Taconic State Park,SP,Copake Falls,NY
,44.197,-74.821,CRAN,Cranberry Lake  - DEC,SPR,Cranberry Lake,NY
,41.178,-73.896,CROT,Croton Point Park,CP,Croton-on-Huds,NY
,44.025,-73.425,CROW,Crown Point - DEC,SPR,Crown Point,NY
,44.725,-73.426,CUMB,Cumberland Bay State Park,SP,Plattsburg,NY
,40.771,-72.738,CUPS,Cupsogue County Park,CP,Westhampton,NY
,42.902,-78.433,DARI,Darien Lakes State Park,SP,Darien Center,NY
,43.292,-75.417,DELT,Delta Lake State Park,SP,Rome,NY
,42.151,-74.208,DEVI,Devils Tombstone - DEC,SPR,Lanesville,NY
,44.33,-75.997,DEWO,DeWolf Point State Park,SP,Fineview,NY
,43.748,-73.793,EAGL,Eagle Point - DEC,SPR,Pottersville,NY
,42.327,-75.223,EAST,East Sidney Dam Rec Area,CP,Sidney,NY
,44.63,-75.477,EELW,Eel Weir State Park,SP,Ogdensburg,NY
,43.763,-74.712,EIGH,Eighth Lake - DEC,SPR,Inlet,NY
,42.602,-79.115,EVAN,Evangola State Park,SP,Irving,NY
,43.343,-76.689,FAIR,Fair Haven Beach State Park,SP,Fair Haven,NY
,42.7,-76.42,FILL,Fillmore Glen State Park,SP,Moravia,NY
,44.308,-74.365,FISH,Fish Creek Pond - DEC,SPR,Tupper Lake,NY
,40.582,-73.889,FLOB,Floyd Bennett Field - Gateway National Rec Area,NP,Brooklyn,NY
,43.905,-74.525,FORK,Forked Lake - DEC,SPR,Long Lake,NY
,40.605,-74.059,FORW,Fort Wadsworth - Gateway National Rec Area,NP,Staten Island,NY
,43.274,-78.995,FOUR,Four Mile Creek State Park,SP,Youngstown,NY
,42.573,-75.128,GILB,Gilbert Lake State Park,SP,Laurens,NY
,42.794,-74.869,GLIM,Glimmerglass State Park,SP,Cooperstown,NY
,43.817,-74.592,GOLB,Golden Beach - DEC,SPR,Piseco,NY
,43.374,-78.483,GOLH,Golden Hill State Park,SP,Barker,NY
,44.279,-75.995,GRAS,Grass Point State Park,SP,Alexandria Bay,NY
,43.056,-76.005,GREE,Green Lakes State Park,SP,Fayetteville,NY
,42.288,-76.086,GREW,Greenwood County Park,CP,Binghamton,NY
,43.36,-77.946,HAML,Hamlin Beach State Park,SP,Hamlin,NY
,42.337,-76.831,HAVA,Havana Glen,CP,Montour Falls,NY
,43.455,-73.694,HEAR,Hearthstone Point - DEC,SPR,Lake George Vi,NY
,42.091,-76.226,HICK,Hickories Park,CP,Owego,NY
,44.496,-74.922,HIGL,Higley Flow State Park,SP,Colton,NY
,41.008,-72.016,HITH,Hither Hills State Park,SP,Montauk,NY
,42.595,-75.373,HUNT,Hunts Pond,SP,New Berlin,NY
,40.927,-72.629,INDI,Indian Island Park,CP,Riverhead,NY
,44.559,-75.677,JACQ,Jacques Cartier State Park,SP,Morristown,NY
,42.342,-77.722,KANA,Kanakadea Park - Almond Lake,CP,Hornell,NY
,44.324,-75.93,KEEW,Keewaydin State Park,SP,Alexandria Bay,NY
,42.027,-74.221,KENN,Kenneth L. Wilson - DEC,SPR,Mt.Tremper,NY
,42.583,-77.13,KEUK,Keuka Lake State Park,SP,Bluff Point,NY
,44.377,-75.855,KRIN,Kring Point State Park,SP,Redwood,NY
,43.838,-74.389,LAKD,Lake Durant - DEC,SPR,Indian Lake,NY
,43.988,-74.463,LAKE,Lake Eaton - DEC,SPR,Long Lake,NY
,42.421,-79.429,LAKR,Lake Erie State Park,SP,Brocton,NY
,43.414,-73.712,LAKG,Lake George Battleground - DEC,SPR,Lake George Vi,NY
,43.979,-74.13,LAKH,Lake Harris - DEC,SPR,Newcomb,NY
,42.094,-73.708,LAKT,Lake Taghkanic State Park,SP,Ancram,NY
,43.366,-78.244,LAKB,Lakeside Beach State Park,SP,Waterport,NY
,42.584,-78.045,LETC,Letchworth State Park,SP,Castile,NY
,43.651,-74.394,LEWE,Lewey Lake - DEC,SPR,Indian Lake,NY
,43.718,-74.796,LIME,Limekiln Lake - DEC,SPR,Inlet,NY
,44.139,-73.579,LINC,Lincoln Pond - DEC,SPR,New Russia,NY
,42.036,-74.735,LITP,Little Pond - DEC,SPR,Margaretville,NY
,43.417,-74.551,LITS,Little Sand Point - DEC,SPR,Piseco,NY
,44.026,-76.221,LONG,Long Point State Park,SP,Three Mile Bay,NY
,43.361,-73.826,LUZE,Luzerne - DEC,SPR,Lake Luzerne,NY
,44.616,-73.616,MACO,Macomb Reservation State Park,SP,Schuyler Falls,NY
,41.84,-73.932,MARG,Margaret Norrie State Park,SP,Staatsburg,NY
,42.547,-74.411,MAX,Max V Shaul State Park,SP,Fultonham,NY
,41.104,-72.373,MCCA,McCanns Campground,CP,Greenport,NY
,44.578,-74.287,MEAC,Meacham Lake - DEC,SPR,Malone,NY
,44.299,-74.077,MEAD,Meadowbrook - DEC,SPR,,NY
,43.493,-74.399,MOFF,Moffitt Beach - DEC,SPR,Speculator,NY
,41.957,-74.691,MONG,Mongaup Pond - DEC,SPR,DeBruce,NY
,42.354,-76.852,MONT,Montour Marina,CP,Montour Falls,NY
,43.227,-73.707,MORE,Moreau Lake State Park,SP,Gansevoort,NY
,41.748,-74.652,MORN,Morningside Park,CP,South Fallsburg,NY
,41.309,-73.569,MOUL,Mountain Lakes Park,CP,North Salem,NY
,41.699,-74.518,MOUN,Mountaindale Park,CP,Mountain Dale,NY
,42.044,-76.734,NEWT,Newtown Battlefield State Park,SP,Elmira,NY
,43.688,-74.982,NICK,Nicks Lake - DEC,SPR,Webb,NY
,42.203,-74.037,NORS,North/South Lake  - DEC,SPR,Haines Falls,NY
,43.187,-74.18,NORT,Northampton Beach - DEC,SPR,Northville,NY
,43.218,-76.109,ONEI,Oneida Shores County Park,CP,Brewereton,NY
,42.71,-77.407,ONTA,Ontario County Park - Gannet Hill,CP,Naples,NY
,42.181,-75.418,OQUA,Oquaga Creek State Park,SP,Bainbridge,NY
,43.885,-73.679,PARA,Paradox Lake - DEC,SPR,Paradox,NY
,42.232,-76.667,PARK,Park Station Rec Area,CP,Erin,NY
,43.403,-75.344,PIXL,Pixley Falls State Park,SP,Boonville,NY
,43.399,-74.582,POIN,Point Comfort - DEC,SPR,Piseco,NY
,44.404,-73.503,POKE,Poke-O-Moonshine - DEC,SPR,Schroon Lake,NY
,43.428,-74.54,POPL,Poplar Point - DEC,SPR,Piseco,NY
,43.838,-73.571,PUTN,Putnam Pond - DEC,SPR,Ticonderoga,NY
,42.097,-78.747,REDH,Red House - Allegany State Park,SP,Salamanca,NY
,44.035,-75.75,REMI,Remington Park RV  Military - Fort Drum,MIL,Fort Drum,NY
,42.398,-76.546,ROBH,Robert H. Treman State Park,SP,Ithaca,NY
,44.986,-74.87,ROBM,Robert Moses State Park,SP,Massena,NY
,43.789,-73.488,ROGE,Rogers Rock - DEC,SPR,Ticonderoga,NY
,44.307,-74.407,ROLL,Rollins Pond - DEC,SPR,Tupper Lake,NY
,41.378,-74.027,ROUN,Round Pond Military,MIL,Cornwall,NY
,41.983,-73.508,RUDD,Rudd Pond - Taconic State Park,SP,Millerton,NY
,43.36,-74.294,SACA,Sacandaga - DEC,SPR,Wells,NY
,42.724,-76.902,SAMP,Sampson State Park,SP,Romulus,NY
,40.888,-72.555,SEAR,Sears Bellows,CP,Hampton Bays,NY
,43.557,-76.204,SELK,Selkirk Shores State Park,SP,Pulaski,NY
,44.043,-73.678,SHAR,Sharp Bridge - DEC,SPR,North Hudson,NY
,42.519,-79.269,SHER,Sheridan Bay Park,CP,Sheridan,NY
,40.842,-72.472,SHIN,Shinnecock East County Park,CP,Southampton,NY
,42.492,-76.886,SMIT,Smith Memorial Park,CP,Hector,NY
,40.803,-72.89,SOUC,Southaven County Park,CP,,NY
,40.803,-72.89,SOUH,Southhaven County Park,CP,,NY
,43.765,-76.196,SOUT,Southwick Beach State Park,SP,Henderson,NY
,42.592,-78.636,SPRA,Sprague Brook Park,CP,Glenwood,NY
,42.995,-74.678,STJO,St. Johnsville Campsite and Marina,CP,St Johnsville,NY
,42.526,-77.697,STON,Stony Brook State Park,SP,Dansville,NY
,42.54,-76.607,TAUG,Taughannock Falls State Park,SP,Trumansburg,NY
,44.494,-73.824,TAYL,Taylor Pond - DEC,SPR,Au Sable Forks,NY
,41.056,-71.901,THEO,Theodore Roosevelt County Park,CP,Montauk,NY
,42.653,-74.046,THOM,Thompsons Lake State Park,SP,East Berne,NY
,42.398,-75.963,UPPL,Upper Lisle,CP,Whitney Point,NY
,43.178,-75.725,VERO,Verona Beach State Park,SP,Verona Beach,NY
,41.255,-73.584,WARD,Ward Pound Ridge Reservation,CP,Katonah,NY
,42.37,-76.881,WATK,Watkins Glen State Park,SP,Watkins Glen,NY
,43.258,-77.46,WEBS,Webster Park,CP,Webster,NY
,44.316,-76.019,WELL,Wellesley Island State Park,SP,Fineview,NY
,43.897,-76.114,WEST,Westcott Beach State Park,SP,Henderson,NY
,43.702,-75.462,WHET,Whetstone Gulf State Park,SP,Lowville,NY
,41.953,-73.724,WILC,Wilcox Memorial Park,CP,Milan,NY
,40.963,-72.805,WILD,Wildwood State Park,SP,Wading River,NY
,44.35,-73.861,WILM,Wilmington Notch - DEC,SPR,Wilmington,NY
,41.537,-74.273,WIND,Winding Hills Park,CP,Montgomery,NY
,42.033,-74.37,WOOD,Woodland Valley - DEC,SPR,Phoenicia,NY
,40.342,-78.78,ADAM,Adams Croyle,UTIL,Summerhill,PA
,41.036,-77.652,BALD,Bald Eagle State Park (Letterman Campground),SP,Howard,PA
,41.525,-79.112,BEAV,Beaver Meadows Rec Area,NF,Marienville,PA
,40.915,-78.059,BLAC,Black Moshannon State Park,SP,Philipsburg,PA
,40.295,-78.579,BLUE,Blue Knob State Park,SP,Imler,PA
,41.839,-79.257,BUCK,Buckaloons Rec Area,NF,Warren,PA
,40.441,-79.434,BUSH,Bush,COE,Saltsburg,PA
,41.432,-75.23,CAFF,Caffrey Rec Area - PPL,UTIL,Lakeville,PA
,39.908,-77.477,CALE,Caledonia State Park,SP,Fayetteville,PA
,40.481,-78.287,CANO,Canoe Creek State Park,SP,Hollidaysburg,PA
,41.746,-79.178,CHAP,Chapman State Park,SP,Clarendon,PA
,41.663,-77.821,CHER,Cherry Springs State Park,SP,Coudersport,PA
,41.322,-79.077,CLEA,Clear Creek State Park,SP,Sigel,PA
,39.783,-76.908,CODO,Codorus State Park,SP,Hanover,PA
,41.679,-80.084,COLC,Colonel Crawford County Park,CP,Meadville,PA
,40.283,-77.413,COLO,Colonel Denning State Park,SP,Newville,PA
,41.701,-77.466,COLT,Colton Point State Park,SP,Wellsboro,PA
,41.365,-79.22,COOK,Cook Forest State Park,SP,Cooksburg,PA
,39.999,-77.921,COWA,Cowans Gap State Park,SP,Fort Loudon,PA
,40.711,-79.511,CROO,Crooked Creek Recreation Area,COE,Ford City,PA
,40.94,-78.533,CURW,Curwensville Lake,CP,Curwensville,PA
,41.832,-78.959,DEWD,Dewdrop Rec Area,NF,Warren,PA
,41.211,-74.873,DING,Dingmans - Delaware Water Gap National Rec Area,NP,Dingman's Ferr,PA
,40.569,-78.843,DUNM,Duman Lake County Park,CP,Nicktown,PA
,41.564,-78.595,EAST,East Branch Lake,COE,Wilcox,PA
,40.273,-77.58,FOWL,Fowlers Hollow State Park,SP,Newville,PA
,41.347,-75.895,FRAN,Frances Slocum State Park,SP,Wyoming,PA
,40.196,-75.797,FREN,French Creek State Park,SP,Elverson,PA
,40.054,-76.91,GIFL,Gifford Pinchot State Park,SP,Lewisberry,PA
,40.646,-77.762,GREE,Greenwood Furnace State Park,SP,Huntingdon,PA
,41.69,-79.259,HEAR,Hearts Content Rec Area,NF,Warren,PA
,40.03,-75.84,HIBE,Hibernia County Park,CP,Coatesville,PA
,41.026,-75.696,HICK,Hickory Run State Park,SP,White Haven,PA
,41.806,-77.186,HILL,Hills Creek State Park,SP,Wellsboro,PA
,41.358,-77.629,HYNE,Hyner Run State Park,SP,North Bend,PA
,41.368,-75.279,IRON,Ironwood Point Rec Area - PPL,UTIL,Greentown,PA
,41.889,-77.179,IVES,Ives Run,COE,Tioga,PA
,41.518,-80.507,JAME,Jamestown - Pymatuning State Park,SP,Jamestown,PA
,41.541,-79.258,KELL,Kellettville Rec Area  Tionesta Lake,COE,Kelletville,PA
,39.885,-79.494,KENT,Kentuck - Ohiopyle State Park,SP,Ohiopyle,PA
,41.377,-77.931,KETT,Kettle Creek State Park,SP,Renovo,PA
,40.372,-79.383,KEYS,Keystone State Park,SP,Derry,PA
,41.785,-78.904,KIAS,Kiasutha Rec Area,NF,Kane,PA
,40.06,-79.23,KOOS,Kooser State Park,SP,Somerset,PA
,41.565,-75.708,LACK,Lackawanna State Park,SP,Dalton,PA
,40.476,-75.267,LAKT,Lake Towhee County Park,CP,Applebachsvill,PA
,41.81,-76.485,LARN,Larnard Hornbrook County Park,CP,Towanda,PA
,40.009,-79.218,LAUR,Laurel Hill State Park,SP,Somerset,PA
,41.366,-75.319,LEDG,Ledgedale Rec Area,UTIL,Lake Ariel,PA
,41.698,-77.45,LEON,Leonard Harrison State Park,SP,Wellsboro,PA
,41.657,-80.462,LINV,Linesville - Pymatuning State Park,SP,Jamestown,PA
,40.454,-77.19,LITB,Little Buffalo State Park,SP,Newport,PA
,41.353,-77.354,LITT,Little Pine State Park,SP,Waterville,PA
,40.785,-76.12,LOCU,Locust Lake State Park,SP,Barnesville,PA
,41.4,-79.082,LOLE,Loleta Rec Area,NF,Marienville,PA
,40.294,-78.899,LORA,Lorain Borough Park,CP,Lorain,PA
,41.723,-77.778,LYMA,Lyman Run State Park,SP,Galeton,PA
,39.726,-80.116,MASO,Mason - Dixon Historical Park,CP,Mount Morris,PA
,40.846,-75.801,MAUC,Mauch Chunk Lake County Park,CP,Jim Thorpe,PA
,40.028,-76.297,MILL,Mill Creek Campground - Central Park,CP,Lancaster,PA
,40.903,-79.225,MILT,Milton Loop,CP,Dayton,PA
,41.621,-79.154,MINI,Minister Creek  and Trailhead,NF,Sheffield,PA
,41.255,-76.048,MOON,Moon Lake County Park,CP,Hunlock Creek,PA
,39.85,-76.279,MUDD,Muddy Run Rec Park - PPL,UTIL,Holtwood,PA
,40.466,-78.83,NANT,Nanty Glo Municipal Park,CP,Nanty Glo,PA
,41.536,-77.715,OLEB,Ole Bull State Park,SP,Cross Fork,PA
,39.877,-76.383,OTTE,Otter Creek - PPL,UTIL,Airville,PA
,39.804,-79.367,OUTF,Outflow - Youghiogheny River Lake,COE,Confluence,PA
,41.202,-78.509,PARK,Parker Dam State Park,SP,Penfield,PA
,41.697,-77.891,PATT,Patterson State Park,SP,Galeton,PA
,40.728,-77.701,PENN,Penn Roosevelt State Park,SP,Huntingdon,PA
,39.898,-76.345,PEQU,Pequea Creek - PPL,UTIL,Pequea,PA
,40.036,-77.276,PINE,Pine Grove Furnace State Park,SP,Gardners,PA
,40.833,-77.419,POEP,Poe Paddy State Park,SP,Milroy,PA
,40.822,-77.468,POEV,Poe Valley State Park,SP,Milroy,PA
,40.674,-78.559,PRIN,Prince Gallitzin State Park,SP,Patton,PA
,41.32,-75.21,PROM,Promised Land State Park,SP,Greentown,PA
,40.17,-78.965,QUEM,Quemahoning Family Rec Area,UTIL,Jennerstown,PA
,40.507,-80.428,RACC,Raccoon Creek State Park,SP,Hookstown,PA
,41.11,-77.243,RAVE,Ravensburg State Park,SP,Mifflinburg,PA
,40.992,-77.192,RBWI,RB Winter State Park,SP,Mifflinburg,PA
,41.778,-78.888,REDB,Red Bridge Rec Area,NF,Kane,PA
,41.49,-78.793,REDM,Red Mill,NF,Ridgway,PA
,41.015,-79.292,REDB,Redbank Valley Municipal Park,CP,Redbank,PA
,40.723,-77.476,REED,Reeds Gap State Park,SP,Milroy,PA
,41.336,-76.296,RICK,Ricketts Glen State Park,SP,Benton,PA
,39.889,-80.44,RYER,Ryerson Station State Park,SP,Wind Ridge,PA
,41.108,-78.531,SBEL,S.B. Elliott State Park,SP,Penfield,PA
,41.91,-75.871,SALT,Salt Springs State Park,SP,Dalton,PA
,40.374,-78.076,SEVE,Seven Points,COE,Hesston,PA
,40.051,-78.624,SHAW,Shawnee State Park,SP,Schellsburg,PA
,41.298,-80.43,SHEN,Shenango,COE,Sharpville,PA
,41.42,-78.031,SINN,Sinnemahoning State Park,SP,Austin,PA
,41.596,-78.181,SIZE,Sizerville State Park,SP,Emporium,PA
,40.357,-76.409,STOE,Stoevers Dam Park,CP,Lebanon,PA
,41.646,-76.698,SUNF,Sunfish Pond County Park,CP,Leroy,PA
,40.388,-78.05,SUSQ,Susquehannock - Raystown Lake,COE,Hesston,PA
,40.506,-75.068,TINI,Tinicum County Park,CP,Erwinna,PA
,41.479,-79.442,TIOR,Tionesta Rec Area - Tionesta Lake,COE,Tionesta,PA
,41.207,-75.397,TOBY,Tobyhanna State Park,SP,Tobyhanna,PA
,40.441,-75.079,TOHI,Tohickon Valley County Park,CP,Point Pleasant,PA
,41.979,-77.191,TOMP,Tompkins River,COE,Tioga,PA
,41.943,-78.876,TRAC,Tracy Ridge Rec Area,NF,Bradford,PA
,40.311,-78.129,TROU,Trough Creek State Park,SP,James Creek,PA
,39.782,-79.415,TUBR,Tub Run Rec Area - Youghiogheny River Lake,COE,Confluence,PA
,41.641,-80.491,TUTT,Tuttle - Pymatuning State Park,SP,Jamestown,PA
,41.614,-78.756,TWIN,Twin Lakes Rec Area,NF,Wilcox,PA
,41.476,-79.768,TWOM,Two Mile Run County Park,CP,Oil City,PA
,40.166,-75.723,WARW,Warwick County Park,CP,Pottstown,PA
,41.989,-78.918,WILL,Willow Bay Rec Area,NF,Bradford,PA
,41.449,-75.182,WILS,Wilsonville Rec Area - PPL,UTIL,Hawley,PA
,41.47,-76.57,WORL,Worlds End State Park,SP,Forksville,PA
,41.37,-71.7,BURL,Burlingame State Park,SP,Charlestown,RI
,41.568,-71.295,CARR,Carr Point Military - Newport NS,MIL,,RI
,41.358,-71.637,CHAR,Charlestown Breachway State Park,SP,Charlestown,RI
,41.343,-71.692,EASB,East Beach - Ninigret State Conservation Area,SP,Charlestown,RI
,41.38,-71.488,FISH,Fishermens Memorial State Park,SP,Narragansett,RI
,41.489,-71.399,FORT,Fort Getty Camping and Recreation Area,CP,Newport,RI
,41.92,-71.755,GEOR,George Washington State Area,SP,Chepachet,RI
,41.589,-71.275,MELV,Melville Ponds,CP,Portsmouth,RI
,41.487,-71.252,MIDD,Middletown City Campground,CP,Middeltown,RI
,36.868,-82.528,BARK,Bark Camp,NF,Coeburn,VA
,37.533,-78.274,BEAR,Bear Creek Lake State Park,SP,Cumberland,VA
,36.667,-81.682,BEAT,Beartree,NF,Damascus,VA
,37.776,-76.581,BELL,Belle Isle State Park,SP,Lancaster,VA
,37.092,-76.431,BETH,Bethel Military,MIL,Hampton,VA
,38.527,-78.439,BIGM,Big Meadows - Shenandoah National Park,NP,Stanley,VA
,38.069,-79.884,BLOW,Blowing Springs,NF,Covington,VA
,37.985,-79.974,BOLA,Bolar Mountain,NF,Covington,VA
,37.29,-82.295,BREA,Breaks InterState Park,SP,Haysi,VA
,36.662,-78.631,BUFF,Buffalo Landing - Kerr Reservoir,COE,Clarksville,VA
,38.801,-77.476,BULL,Bull Run Regional Park,CP,Centreville,VA
,38.76,-77.302,BURK,Burke Lake Park,CP,Fairfax Station,VA
,38.731,-78.518,CAMP,Camp Roosevelt,NF,Luray,VA
,37.102,-82.679,CANE,Cane Patch,NF,Pound,VA
,36.927,-76.007,CAPE,Cape Henry RV Military,MIL,Virginia Beach,VA
,37.574,-79.534,CAVE,Cave Mountain Lake,NF,Natural Bridge Station,VA
,36.802,-82.922,CAVS,Cave Springs,NF,Dryden,VA
,38.091,-77.334,CHAM,Champs RV Military - A P Hill,MIL,Woodford,VA
,37.265,-76.873,CHIC,Chickahominy Riverfront Park,CP,Williamsburg,VA
,37.14,-76.748,CHIP,Chippokes Plantation State Park,SP,Surry,VA
,37.062,-80.624,CLAY,Claytor Lake State Park,SP,Dublin,VA
,36.763,-81.225,COME,Comers Rock,NF,Speedwell,VA
,37.157,-82.407,CRAN,Cranesnest  - John W. Flannagan Reservoir,COE,Clintwood,VA
,37.897,-79.802,DOUT,Douthat State Park,SP,Millboro,VA
,38.925,-78.331,ELIZ,Elizabeth Furnace,NF,Front Royal,VA
,36.798,-80.108,FAIR,Fairy Stone State Park,SP,Stuart,VA
,36.918,-76.052,FIRS,First Landing State Park,SP,Virginia Beach,VA
,38.697,-77.145,FORB,Fort Belvoir Travel and RV Camp,MIL,Fort Belvoir,VA
,37.161,-76.595,FORE,Fort Eustis Military,MIL,Newport News,VA
,37.044,-80.873,GATE,Gatewood Park,CP,Pulaski,VA
,37.374,-80.821,GENT,Gentrys Landing,CP,Narrows,VA
,37.731,-79.368,GLEN,Glen Maury Park,CP,Buena Vista,VA
,36.897,-79.883,GOOD,Goose Dam,CP,Sydnorsville,VA
,36.804,-80.059,GOOS,Goose Point - Philpott Lake,COE,Martinsville,VA
,37.073,-76.334,GOSN,Gosnolds Hope Park,CP,Hampton,VA
,37.432,-82.357,GRAP,Grapevine - Fishtrap Lake,COE,Phyllis,VA
,36.639,-81.485,GRAY,Grayson Highlands State Park,SP,Mouth Of Wilson,VA
,36.688,-81.542,GRIN,Grindstone,NF,Troutdale,VA
,38.099,-79.822,HIDD,Hidden Valley,NF,Warm Springs,VA
,36.89,-82.622,HIGH,High Knob,NF,Norton,VA
,37.396,-78.639,HOLL,Holliday Lake State Park,SP,Appomattox,VA
,38.46,-79.135,HONE,Hone Quarry,NF,Harrisonburg,VA
,36.834,-80.076,HORS,Horseshoe Point - Philpott Lake,COE,Martinsville,VA
,36.871,-81.525,HUNG,Hungry Mother State Park,SP,Marion,VA
,36.723,-81.491,HURR,Hurricane,NF,Sugar Grove,VA
,36.574,-78.434,IVYH,Ivy Hill Rec Area - Kerr Reservoir,COE,Townsville NC,VA
,37.624,-78.798,JAME,James River State Park,SP,Wingina,VA
,36.851,-80.065,JAMI,Jamison Mill Park - Philpott Lake,COE,Henry,VA
,37.282,-76.594,KING,Kings Creek - Cheatham Annex Military,MIL,Williamsburg,VA
,37.174,-75.975,KIPT,Kiptopeke State Park,SP,Cape Charles,VA
,38.115,-77.824,LAKA,Lake Anna State Park,SP,Spotsylvania,VA
,38.963,-77.321,LAKF,Lake Fairfax,CP,Reston,VA
,37.798,-79.61,LAKR,Lake Robertson,CP,Collierstown- Rockbridge County,VA
,38.436,-78.477,LEWI,Lewis Mountain - Shenandoah National Park,NP,Stanardsville,VA
,36.909,-76.161,LITT,Little Creek RV Military,MIL,Virginia Beach,VA
,38.867,-78.444,LITT,Little Fort OHV,NF,Fort Valley,VA
,38.246,-78.669,LOFT,Loft Mountain - Shenandoah National Park,NP,Crozet,VA
,36.577,-78.551,LONG,Longwood Rec Area - Kerr Reservoir,COE,Clarksville,VA
,37.233,-82.375,LOWT,Lower Twin Branch - John W. Flannagan Reservoir,COE,Haysi,VA
,38.525,-77.459,LUNG,Lunga Park Military - Quantico MCB,MIL,Stafford,VA
,38.751,-78.294,MATH,Mathews Arm - Shenandoah National Park,NP,Rileyville,VA
,38.013,-79.922,MCCL,Mcclintic Point,NF,Warm Springs,VA
,37.934,-79.97,MORR,Morris Hill,NF,Hot Springs,VA
,38.352,-79.088,NATU,Natural Chimneys Regional Park,CP,Mt.Solon,VA
,36.702,-82.735,NATT,Natural Tunnel State Park,SP,Duffield,VA
,37.187,-76.551,NEWP,Newport News City Park,CP,Newport News,VA
,36.595,-78.311,NORT,North Bend Park - Kerr Reservoir,COE,Boydton,VA
,37.542,-79.586,NORC,North Creek,NF,,VA
,38.339,-79.207,NORR,North River,NF,Staunton,VA
,36.582,-76.153,NORW,Northwest River Park,CP,Chesapeake,VA
,38.6,-77.417,OAKR,Oak Ridge - Prince William Forest Park,NP,Manassas,VA
,36.628,-78.53,OCCO,Occoneechee State Park,SP,Clarksville,VA
,36.796,-76.026,OCEA,Ocean Pines RV Military - Oceana NAS,MIL,Virginia Beach,VA
,37.748,-79.265,ORON,Oronoco,NF,Oronoco,VA
,37.574,-79.339,OTTE,Otter Creek - Blue Ridge Parkway,NP,Monroe,VA
,37.442,-79.602,PEAK,Peaks of Otter - Blue Ridge Parkway,NP,Bedford,VA
,37.366,-77.572,POCA,Pocahontas State Park,SP,Chesterfield,VA
,38.671,-77.175,POHI,Pohick Bay Regional Park,CP,Lorton,VA
,37.195,-82.453,POUN,Pound River - John W. Flannagan Reservoir,COE,Clintwood,VA
,38.603,-77.352,PRIN,Prince William Forest RV Campground,NP,Dumfries,VA
,36.746,-81.426,RACC,Raccoon Branch,NF,Sugar Grove,VA
,36.836,-81.07,RAVE,Raven Cliff,NF,Cripple Creek,VA
,37.413,-77.446,RICH,Richmond  RV Camp Military,MIL,,VA
,37.226,-79.952,ROAN,Roanoke Mountain - Blue Ridge Parkway,NP,Roanoke,VA
,36.833,-80.345,ROCK,Rocky Knob - Blue Ridge Parkway,NP,Floyd,VA
,36.655,-78.442,RUDD,Rudds Creek - Kerr Reservoir,COE,Boydton,VA
,36.865,-81.285,RURA,Rural Retreat Lake,CP,Wytheville,VA
,36.851,-80.1,RYAN,Ryans Branch - Philpott Lake,COE,Ferrum,VA
,36.811,-80.036,SALT,Salthouse Branch - Philpott Lake,COE,Henry,VA
,36.772,-75.956,SEAM,Sea Mist RV Military - Dam Neck Annex,MIL,Virginia Beach,VA
,38.855,-78.307,SHEG,Shenandoah River - Guest State Park,SP,Front Royal,VA
,37.92,-79.01,SHER,Sherando Lake - Family Campground,NF,Lyndhurst,VA
,37.09,-79.595,SMIT,Smith Mountain Lake,SP,Huddleston,VA
,36.699,-78.668,STAU,Staunton River State Park,SP,Scottsburg,VA
,37.601,-80.219,STEE,Steel Bridge,NF,,VA
,37.01,-81.181,STON,Stony Fork,NF,Wytheville,VA
,36.646,-82.111,SUGA,Sugar Hollow City Park,CP,Bristol,VA
,37.015,-76.301,THEC,The Colonies Military,MIL,Hampton,VA
,37.605,-80.077,PINE,The Pines,NF,New Castle,VA
,38.366,-79.211,TODD,Todd Lake,NF,West Augusta,VA
,37.206,-78.272,TWIN,Twin Lakes State Park,SP,Burkeville,VA
,37.198,-80.886,WALN,Walnut Flats,NF,Holly Brook,VA
,38.165,-76.868,WEST,Westmoreland State Park,SP,Montross,VA
,37.43,-80.492,WHIT,White Rocks,NF,Simmonsville,VA
,36.602,-83.631,WILD,Wilderness Road - Cumberland Gap National Park,NP,Ewing,VA
,44.052,-72.632,ALLI,Allis State Park,SP,Randolph,VT
,44.288,-72.269,BIGD,Big Deer State Park,SP,Groton,VT
,43.659,-73.231,BOMO,Bomoseen State Park,SP,Fair Haven,VT
,43.906,-73.072,BRAN,Branbury State Park,SP,Salisbury,VT
,44.796,-71.857,BRIG,Brighton State Park,SP,Island Pond,VT
,44.772,-73.205,BURT,Burton Island,SP,St Albans Bay,VT
,44.181,-73.358,BUTT,Button Bay State Park,SP,Vergennes,VT
,43.551,-72.699,CALV,Calvin Coolidge State Park,SP,Plymouth,VT
,44.958,-72.873,CARM,Carmi State Park,SP,Enosburg Falls,VT
,43.825,-72.911,CHIT,Chittenden Brook,NF,Rochester,VT
,44.055,-73.411,DARS,DAR State Park,SP,Addison,VT
,44.72,-72.511,EDEN,Eden Rec Area,CP,Lowell,VT
,44.536,-72.54,ELMO,Elmore State Park,SP,Lake Elmore,VT
,43.278,-73.009,EMER,Emerald Lake State Park,SP,East Dorset,VT
,42.824,-72.567,FORT,Fort Dummer State Park,SP,Brattleboro,VT
,43.674,-72.81,GIFF,Gifford Woods State Park,SP,Killington,VT
,44.688,-73.295,GRAN,Grand Isle State Park,SP,Grand Isle,VT
,43.351,-72.821,GREE,Greendale,NF,Weston,VT
,43.046,-72.952,GROU,Grout Pond,NF,Stratton,VT
,43.692,-73.217,HALF,Half Moon Pond State Park,SP,Hubbardton,VT
,43.253,-72.892,HAPG,Hapgood Pond,NF,Manchester,VT
,43.112,-72.765,JAMA,Jamaica State Park,SP,Jamaica,VT
,44.39,-72.768,LITT,Little River State Park,SP,Waterbury,VT
,44.636,-71.646,MAID,Maidstone State Park,SP,Guildhall,VT
,42.851,-72.813,MOLL,Molly Stark State Park,SP,Wilmington,VT
,43.919,-73.027,MOOS,Moosalamoo,NF,Ripton,VT
,43.438,-72.406,MTAS,Mt. Ascutney State Park,SP,Windsor,VT
,44.277,-73.221,MTPH,Mt. Philo State Park,SP,Charlotte,VT
,44.32,-72.289,NEW,New Discovery State Park,SP,Marshfield,VT
,44.492,-73.234,NORB,North Beach,CP,Burlington,VT
,44.947,-72.21,PROU,Prouty Beach Campground,CP,Newport,VT
,43.637,-72.401,QUEC,Quechee State Park,SP,White River Jct,VT
,42.899,-73.019,REDM,Red Mill Brook,NF,Bennington,VT
,44.246,-72.254,RICK,Ricker Pond State Park,SP,Groton,VT
,43.733,-72.614,SILK,Silver Lake State Park,SP,Bethel,VT
,44.559,-72.788,SMUG,Smugglers Notch State Park,SP,Stowe,VT
,43.48,-73.205,STCA,St. Catherine State Park,SP,Poultney,VT
,44.28,-72.273,STIL,Stillwater State Park,SP,Groton,VT
,43.041,-72.691,TOWN,Townshend State Park,SP,Townsend,VT
,44.53,-72.839,UNDE,Underhill State Park,SP,Underhill Center,VT
,43.391,-72.408,WILG,Wilgus State Park,SP,Ascutney,VT
,43.163,-72.81,WINH,Winhall Brook,COE,Jamaica,VT
,42.89,-73.039,WOOD,Woodford State Park,SP,Bennington,VT
,37.855,-81.071,ARMY,Army Camp - New River National Scenic River,NP,Layland,WV
,39.04,-80.065,AUDR,Audra State Park,SP,Belington,WV
,38.005,-80.949,BABC,Babcock State Park,SP,Danese,WV
,38.635,-80.575,BAKE,Bakers Run,COE,Sutton,WV
,38.218,-80.908,BATT,Battle Run,COE,Summerville,WV
,38.93,-79.679,BEAR,Bear Heaven,NF,Elkins,WV
,38.101,-80.094,BEAV,Beaver Creek - Watoga State Park,SP,White Sulphur Springs,WV
,37.785,-81.197,BECK,Beckley Exhibition Coal Mine Campground,CP,Beckley,WV
,38.667,-80.678,BEER,Bee Run,COE,Sutton,WV
,38.308,-82.345,BEEC,Beech Fork State Park,SP,Barboursville,WV
,37.573,-80.876,BERT,Bertha - Bluestone WMA,SFW,Hinton,WV
,38.89,-79.238,BIGB,Big Bend,NF,Cabins,WV
,38.296,-80.524,BIGR,Big Rock,NF,Richwood,WV
,38.27,-79.853,BIRD,Bird Run,NF,Dunmore,WV
,38.338,-80.49,BISH,Bishop Knob,NF,Cowen,WV
,39.112,-79.495,BLAC,Blackwater Falls State Park,SP,Davis,WV
,37.92,-80.269,BLUB,Blue Bend,NF,White Sulphur Springs,WV
,37.516,-81.129,BLUJ,Blue Jay - Camp Creek State Park,SP,Camp Creek,WV
,37.925,-80.25,BLUM,Blue Meadow,NF,White Sulphur Springs,WV
,37.618,-80.936,BLUS,Bluestone State Park,SP,White Oak,WV
,38.595,-79.2,BRAN,Brandywine,NF,Brandywine,WV
,37.539,-80.908,BULF,Bull Falls - Bluestone WMA,SFW,Pipestem,WV
,38.784,-80.562,BULL,Bulltown,COE,Burnsville,WV
,37.981,-82.387,CABW,Cabwaylingo State Forest,SF,Wilsondale,WV
,38.747,-79.108,CAMR,Camp Run,NF,Milam,WV
,39.027,-79.462,CANA,Canaan Valley Resort State Park,SP,Davis,WV
,37.495,-80.846,CEDB,Cedar Branch - Bluestone WMA,SFW,Oakvale,WV
,38.882,-80.862,CEDA,Cedar Creek State Park,SP,Cedarville,WV
,39.678,-79.77,CHES,Chestnut Ridge Regional Park,CP,Bruceton Mills,WV
,38.742,-82.04,CHIE,Chief Cornstalk WMA,SFW,Southside,WV
,37.894,-82.008,CHIL,Chief Logan State Park,SP,Logan,WV
,39.424,-80.851,CONA,Conaway Run State Lake,SFW,Middlebourne,WV
,39.642,-79.794,COOP,Coopers Rock State Forest,SF,Bruceton Mills,WV
,38.325,-80.442,CRAN,Cranberry,NF,Dyer,WV
,38.288,-80.215,DAYR,Day Run,NF,Marlinton,WV
,38.07,-82.299,EAST,East Fork,COE,East Lynn,WV
,38.678,-80.547,GERA,Gerald R. Freeman,COE,Sutton,WV
,39.318,-80.028,GRAF,Grafton City Park,CP,Grafton,WV
,37.853,-81.072,GRAN,Grandview/Glade - New River National Scenic River,NP,Beaver,WV
,37.753,-80.354,GREE,Greenbrier State Forest,SF,Caldwell,WV
,37.614,-81.744,GUYA,Guyandotte,COE,Gilbert,WV
,38.312,-80.194,HAND,Handley WMA,SFW,Marlinton,WV
,39.116,-78.499,HAWK,Hawk,NF,Intermont,WV
,38.667,-80.366,HOLL,Holly River State Park,SP,Hacker Valley,WV
,39.18,-79.602,HORS,Horseshoe,NF,Parsons,WV
,37.53,-80.82,INDI,Indian Mills - Bluestone WMA,SFW,Forest Hill,WV
,38.579,-79.705,ISLA,Island,NF,Bartow,WV
,38.247,-81.659,KANA,Kanawha State Forest,SF,Charleston,WV
,37.513,-80.808,KEAT,Keatley - Bluestone WMA,SFW,Forest Hill,WV
,38.869,-81.098,KITT,Kittie Wilson,CP,Grantsville,WV
,38.655,-80.072,KUMB,Kumbrabow State Forest,SF,Valley Head,WV
,37.788,-81.272,LAKS,Lake Stephens Campground,CP,Beckley,WV
,38.74,-79.692,LAUR,Laurel Fork,NF,Glady,WV
,39.493,-80.636,LEWI,Lewis Wetzel WMA,SFW,Jacksonburg,WV
,37.505,-81.134,MASH,Mash Fork - Camp Creek State Park,SP,Camp Creek,WV
,38.012,-80.005,MEAD,Meadow Creek  - Lake Sherwood,NF,Eastern,WV
,37.618,-80.355,MONC,Moncove Lake State Park,SP,Gap Mills,WV
,39.248,-81.307,MOUN,Mountwood County Park,CP,Walker,WV
,37.531,-80.858,INDI,Mouth of Indian Creek - Bluestone WMA,SFW,Forest Hill,WV
,39.223,-81.11,NORT,North Bend State Park,SP,,WV
,37.424,-81.876,PANT,Panther State Forest,SF,Panther,WV
,37.457,-81.882,PANT,Panther WMA,SFW,Panther,WV
,38.009,-80.007,PINE,Pine Run  - Lake Sherwood,NF,Eastern,WV
,37.533,-80.995,PIPE,Pipestem Resort State Park,SP,Lerona,WV
,39.262,-80.017,PLEA,Pleasant Creek WMA,SFW,Philippi,WV
,37.947,-81.208,PLUM,Plum Orchard Lake WMA,SFW,Scarbro,WV
,38.102,-79.968,POCA,Pocahontas,NF,Marlinton,WV
,39.032,-79.316,REDC,Red Creek,NF,Davis,WV
,38.845,-80.623,RIFF,Riffle Run,COE,Burnsville,WV
,38.113,-80.182,RIVE,Riverside - Watoga State Park,SP,Marlinton,WV
,39.446,-79.128,ROBE,Robert W. Craig - Jennings Randolph Lake,COE,Elk Garden,WV
,38.827,-79.386,SENE,Seneca Shadows,NF,Seneca Rocks,WV
,38.307,-79.922,SENS,Seneca State Forest,SF,Dunmore,WV
,37.474,-80.868,SHAN,Shanklins Ferry - Bluestone WMA,SFW,Oakvale,WV
,39.205,-78.664,SHOR,Short Mountain WMA,SFW,Augusta,WV
,39.508,-78.155,SLEE,Sleepy Creek WMA,SFW,Hedgesville,WV
,38.707,-79.588,SPRU,Spruce Knob Lake,NF,Whitmer,WV
,38.389,-81.826,STAL,St. Albans Roadside Park,CP,St. Albans,WV
,37.937,-81.065,STON,Stone Cliff - New River National Scenic River,NP,Oak Hill,WV
,38.942,-80.498,STON,Stonewall Jackson State Park,SP,Walkersville,WV
,38.917,-79.774,STUA,Stuart,NF,Elkins,WV
,38.249,-80.445,SUMM,Summit Lake,NF,Richwood,WV
,38.342,-80.231,TEAC,Tea Creek,NF,Marlinton,WV
,39.104,-79.872,TETE,Teter Creek WMA,SFW,Meadowville,WV
,40.542,-80.578,TOML,Tomlinson Run State Park,SP,New Cumberland,WV
,38.953,-78.734,TROU,Trout Pond,NF,Lost City,WV
,37.622,-81.428,TWIN,Twin Falls Resort State Park,SP,Mullens,WV
,39.308,-79.994,TYGA,Tygart Lake State Park,SP,Grafton,WV
,37.846,-80.975,WARR,War Ridge - New River National Scenic River,NP,Meadow Bridge,WV
,38.007,-80.012,WEST,West Shore - Lake Sherwood,NF,Eastern,WV
,38.925,-78.689,WOLF,Wolf Gap,NF,Wardensville,WV