,Lat,Long,Code,Campground,Type,City,State
,32.18,-110.861,AGAV,Agave Gulch Military,MIL,,AZ
,34.231,-113.579,ALAM,Alamo Lake State Park,SP,Wenden,AZ
,33.895,-109.153,ALPI,Alpine Divide,NF,Alpine,AZ
,34.589,-112.561,ALTO,Alto Pit,NF,Prescott,AZ
,31.56,-110.366,APAF,Apache Flats Military -  Fort Huachuca,MIL,Sierra Vista,AZ
,32.649,-109.819,ARCA,Arcadia,NF,Safford,AZ
,35.018,-111.409,ASHU,Ashurst Lake,NF,Flagstaff,AZ
,34.327,-110.946,ASPN,Aspen,NF,Payson,AZ
,33.807,-109.314,ASPE,Aspen,NF,,AZ
,33.714,-111.204,BACH,Bachelors Cove,NF,Roosevelt,AZ
,33.84,-111.639,BART,Bartlett Flat,NF,Carefree,AZ
,31.781,-109.307,BATH,Bathtub,NF,Elfrida,AZ
,34.67,-111.714,BEAV,Beaver Creek,NF,Camp Verde,AZ
,34.044,-109.449,BENN,Benny Creek,NF,Eagar,AZ
,33.746,-111.226,BERM,Bermuda Flat,NF,Roosevelt,AZ
,34.305,-110.743,BLAC,Black Canyon Rim,NF,Forest Lakes,AZ
,33.057,-109.08,BLAK,Black Jack,NF,Clifton,AZ
,34.591,-111.201,BLUE,Blue Ridge,NF,Winslow,AZ
,31.727,-110.876,BOGS,Bog Springs,NF,Green Valley,AZ
,32.011,-109.355,BONC,Bonita Canyon - Chiricahua National Monument,NP,Willcox,AZ
,33.065,-109.576,BONT,Bonito,NF,,AZ
,35.372,-111.556,BONI,Bonito - Sunset Crater National Monument,NP,Flagstaff,AZ
,34.969,-111.75,BOOT,Bootlegger,NF,Sedona,AZ
,34.071,-109.918,BOOL,Bootlegger,NF,,AZ
,33.928,-114.02,BOUS,Bouse Community Park,CP,Bouse,AZ
,33.74,-111.66,BOXB,Box Bar,NF,Scottsdale,AZ
,33.876,-109.413,BROO,Brookchar,NF,Eagar,AZ
,33.277,-112.642,BUCK,Buckeye Hills Co Park,CP,Buckeye,AZ
,34.254,-114.161,BUCK,Buckskin State Park,SP,Parker,AZ
,33.768,-109.355,BUFF,Buffalo Crossing,NF,Alpine,AZ
,33.626,-111.203,BURN,Burnt Corral,NF,Roosevelt,AZ
,34.538,-113.45,BURR,Burro Creek,BLM,Wikieup,AZ
,31.758,-109.37,CAMR,Camp Rucker, ,Douglas,AZ
,34.32,-110.823,CANP,Canyon Point,NF,,AZ
,35.125,-111.599,CANV,Canyon Vista,NF,Flagstaff,AZ
,32.416,-110.938,CATL,Catalina State Park,SP,Tucson,AZ
,34.354,-114.171,CATT,Cattail Cove State Park,SP,Lake Havasu City,AZ
,33.824,-112.015,CAVC,Cave Creek Rec Area,CP,Cave Creek,AZ
,34.996,-111.74,CAVE,Cave Springs,NF,,AZ
,33.971,-111.865,CCC,CCC,NF,Carefree,AZ
,33.789,-113.561,CENT,Centennial Park,CP,Wenden,AZ
,34.509,-110.841,CHEV,Chevelon Canyon Lake,NF,Heber,AZ
,34.591,-110.788,CHEC,Chevelon Crossing,NF,Heber,AZ
,34.353,-111.702,CHIL,Childs,NF,,AZ
,33.732,-111.203,CHOL,Cholla,NF,Roosevelt,AZ
,33.719,-111.205,CHOB,Cholla Bay,NF,Roosevelt,AZ
,34.308,-111.035,CHRI,Christopher Creek,NF,Payson,AZ
,34.515,-111.765,CLEA,Clear Creek,NF,Camp Verde,AZ
,34.555,-111.315,CLIN,Clints Well,NF,Happy Jack,AZ
,33.103,-109.06,COAL,Coal Creek,NF,Clifton,AZ
,31.922,-109.967,COCH,Cochise Stronghold,NF,Sunsites,AZ
,33.981,-112.711,CONS,Constellation Park,CP,Wickenburg,AZ
,33.547,-111.646,COON,Coon Bluff,NF,Mesa,AZ
,33.448,-114.9,COON,Coon Hollow Dispersed  LTVA - Mule Mountain,BLM,Quartzite,AZ
,36.148,-109.539,COTT,Cottonwood - Canyon de Chelly National Monument,NM,Chinle,AZ
,33.577,-111.253,CRAB,Crabtree Wash,NF,Apache Junction,AZ
,34.318,-110.942,CROO,Crook,NF,Forest Lakes,AZ
,34.214,-114.215,CROS,Crossroads,BLM,Lake Havasu Ci,AZ
,32.68,-109.891,CUNN,Cunningham,NF,Safford,AZ
,33.872,-109.418,CUTT,Cutthroat,NF,Eagar,AZ
,31.774,-109.313,CYPR,Cypress Park,NF,Douglas,AZ
,34.956,-111.485,DAIR,Dairy Springs,NF,Mormon Lake,AZ
,32.35,-112.83,DARB,Darby Wells Rd Dispersed,BLM,Ajo,AZ
,35.183,-114.563,DAVS,Davis Camp - Mohave County,CP,Bullhead City,AZ
,33.594,-111.222,DAVW,Davis Wash,NF,Apache Junction,AZ
,36.412,-112.135,DEMO,De Motte,NF,Jacob Lake,AZ
,34.754,-112.019,DEAD,Dead Horse Ranch State Park,SP,Cottonwood,AZ
,33.804,-109.32,DEER,Deer Creek,NF,Alpine,AZ
,32.436,-112.827,DENN,Dennison Campground - Ajo Regional Park,CP,Ajo,AZ
,32.863,-114.445,DESE,Desert Breeze Military - Yuma PG,MIL,Yuma,AZ
,36.039,-111.823,DESE,Desert View - Grand Canyon National Park,NP,Grand Canyon,AZ
,33.819,-109.3,DIAR,Diamond Rock,NF,Alpine,AZ
,35.213,-112.126,DOGT,Dogtown Lake,NF,Williams,AZ
,34.943,-111.493,DOUB,Double Springs,NF,Flagstaff,AZ
,33.821,-109.539,DRIF,Drift Fence Lake,RES,Greer,AZ
,33.385,-112.376,ESTR,Estrella Mountain Regional Park,CP,Goodyear,AZ
,33.824,-110.938,FALL,Falls,NF,Young,AZ
,34.343,-111.29,FIRS,First Crossing,NF,Payson,AZ
,34.303,-111.352,FLOW,Flowing Springs,NF,Payson,AZ
,34.266,-110.073,FOOH,Fool Hollow State Rec Area,SRA,Show Low,AZ
,35.023,-111.398,FORK,Forked Pine,NF,Flagstaff,AZ
,35.142,-111.693,FORT,Fort Tuthill County Park,CP,Flagstaff,AZ
,35.139,-111.693,FORT,Fort Tuthill Military - Luke AFB,MIL,Flagstaff,AZ
,32.724,-114.453,FORP,Fortuna Pond,BLM,Yuma,AZ
,32.833,-110.342,FOUR,Fourmile Canyon,BLM,Klondyke,AZ
,33.929,-109.487,GABA,Gabaldon,NF,Eager,AZ
,31.529,-110.329,GARD,Garden Canyon  Military - Fort Huachuca,MIL,Sierra Vista,AZ
,32.378,-110.685,GENE,General Hitchcock,NF,Tucson,AZ
,34.302,-110.712,GENT,Gentry,NF,Payson,AZ
,32.882,-112.73,GILA,Gila Bend Military,MIL,Gila Bend,AZ
,33.394,-110.787,GILA,Gila County RV Park,CP,Globe,AZ
,32.219,-111.143,GILB,Gilbert Ray,CP,Tucson,AZ
,33.187,-109.382,GRAN,Granville,NF,Morenci,AZ
,33.641,-111.045,GRAP,Grapevine Bay,NF,Globe,AZ
,33.873,-109.413,GRAY,Grayling,NF,Eagar,AZ
,32.238,-112.751,GUNS,Gunsite Wash Dispersed,BLM,Why,AZ
,34.218,-110.964,HAIG,Haigler Canyon,NF,Young,AZ
,33.636,-109.329,HANN,Hannagan,NF,Alpine,AZ
,33.991,-109.758,HAWL,Hawley Lake,RES,McNary,AZ
,34.17,-112.285,HAZL,Hazlett Hollow,NF,Crown King,AZ
,31.873,-109.234,HERB,Herb Martyr,NF,Portal,AZ
,34.511,-112.381,HILL,Hilltop,NF,Prescott,AZ
,35.024,-110.63,HOMO,Homolovi Ruins State Park,SP,Winslow,AZ
,33.475,-109.481,HONE,Honeymoon,NF,Clifton,AZ
,33.788,-109.344,HORS,Horse Springs,NF,Alpine,AZ
,33.977,-111.717,HORH,Horseshoe,NF,Carefree,AZ
,34.028,-109.683,HORC,Horseshoe Cienega,RES,McNary,AZ
,32.666,-109.874,HOSP,Hospital Flat,NF,Safford,AZ
,32.55,-109.396,HOTW,Hot Well Dunes,BLM,Safford,AZ
,34.271,-111.32,HOUS,Houston Mesa,NF,Payson,AZ
,35.097,-113.879,HUAL,Hualapai Mountain Park,CP,Kingman,AZ
,33.324,-110.803,ICEH,Ice House CCC,NF,Globe,AZ
,31.898,-109.161,IDLE,Idlewilde,NF,Rodeo  NM,AZ
,32.904,-114.489,IMPE,Imperial Dam Long Term,BLM,,AZ
,34.479,-112.497,INDC,Indian Creek,NF,Prescott,AZ
,33.767,-111.239,INDP,Indian Point,NF,Roosevelt,AZ
,36.716,-112.214,JACO,Jacob Lake,NF,Jacob Lake,AZ
,31.878,-109.222,JOHN,John Hands,NF,Rodeo NM,AZ
,33.591,-110.643,JONE,Jones Water,NF,Globe,AZ
,35.281,-112.157,KAIB,Kaibab Lake,NF,Williams,AZ
,31.817,-110.347,KART,Kartchner Caverns State Park,SP,Benson,AZ
,35.222,-114.564,KATH,Katherine Landing - Lake Mead National Rec Area,NRA,Bullhead City,AZ
,35.813,-110.204,KEAM,Keams Canyon Community Park,CP,Keams Canyon,AZ
,34.436,-111.317,KEHL,Kehl Springs,NF,Clints Well,AZ
,34.175,-112.277,KENT,Kentuck Springs,NF,Crown King,AZ
,34.897,-111.312,KINN,Kinnikinick,NF,Flagstaff,AZ
,34.427,-111.093,KNOL,Knoll Lake,NF,Blue Ridge,AZ
,33.576,-109.355,KPCI,KP Cienega,NF,Alpine,AZ
,34.227,-114.193,LAPZ,La Paz County Park,CP,Parker,AZ
,34.423,-114.224,LAKH,Lake Havasu State Park,SP,Lake Havasu,AZ
,32.986,-114.476,LAKE,Lake Martinez Military,MIL,Yuma,AZ
,33.864,-112.319,LAKP,Lake Pleasant,CP,Peoria,AZ
,34.158,-109.979,LAKS,Lakeside,NF,Lakeside,AZ
,35.067,-111.497,LAKE,Lakeview,NF,Flagstaff,AZ
,31.429,-110.448,LAKV,Lakeview,NF,Sonoita,AZ
,36.86,-111.604,LEES,Lees Ferry - Glen Canyon Area,NRA,Marble Canyon,AZ
,35.359,-111.621,LOCK,Lockett Meadow,NF,Flagstaff,AZ
,34.142,-109.776,LOSB,Los Burros,NF,Lakeside,AZ
,33.464,-111.481,LOST,Lost Dutchman State Park,SP,Apache Junction,AZ
,33.267,-109.341,LOWJ,Lower Juan Miller,NF,Clifton,AZ
,33.995,-109.885,LOWL,Lower Log,RES,Hon-Dah,AZ
,34.455,-112.46,LOWE,Lower Wolf Creek,NF,Prescott,AZ
,33.835,-109.082,LUNA,Luna Lake,NF,Alpine,AZ
,34.359,-109.376,LYMA,Lyman Lake State Park,SP,St. Johns,AZ
,34.517,-112.388,LYNX,Lynx Lake,NF,Prescott,AZ
,34.936,-111.745,MANZ,Manzanita,NF,,AZ
,36.05,-112.12,MATH,Mather - Grand Canyon National Park,NP,Grand Canyon,AZ
,34.045,-109.73,MCCO,McCoy Bridge,RES,McNary,AZ
,33.684,-111.722,MCDO,McDowell Mountain,CP,Fountain Hills,AZ
,34.968,-110.645,MCHO,McHood,CP,Winslow,AZ
,33.727,-114.659,MIDL,Midland LTVA Dispersed,BLM,Quartzite,AZ
,33.701,-111.194,MILL,Mills Cove,NF,,AZ
,34.693,-112.12,MING,Mingus Mountain,NF,Clarkdale,AZ
,36.981,-110.113,MITT,Mitten View - Monument Valley,RES,,AZ
,32.817,-114.472,MITL,Mittry Lake Dispersed,BLM,Yuma,AZ
,34.321,-110.957,MOGO,Mogollon,NF,Forest Lakes,AZ
,32.337,-110.692,MOLI,Molino Basin,NF,Tucson,AZ
,36.682,-110.543,NAVA,Navajo National Monument,NM,Kayenta,AZ
,34.714,-114.435,NEER,Needle Mt Road Dispersed,BLM,Topock,AZ
,36.211,-112.061,NORT,North Rim - Grand Canyon National Park,NP,,AZ
,33.308,-111.051,OAKF,Oak Flat,NF,Superior,AZ
,33.762,-111.253,ORAN,Orange Peel,NF,,AZ
,32.967,-109.309,OWLC,Owl Creek,BLM,Threeway,AZ
,33.396,-114.723,OXBO,Oxbow,BLM,,AZ
,33.773,-109.535,PACH,Pacheta Lake,RES,Alpine,AZ
,35.452,-114.17,PACK,Packsaddle,BLM,Kingman,AZ
,33.023,-113.048,PAIN,Painted Rock,BLM,Gila Bend,AZ
,31.49,-110.854,PATA,Patagonia Lake State Park,SP,Patagonia,AZ
,32.538,-110.716,PEPP,Peppersauce,NF,Oracle,AZ
,33.546,-111.66,PHON,Phon D Sutton,NF,New Franklin,AZ
,32.646,-111.398,PICA,Picacho Peak State Park,SP,Picacho,AZ
,33.287,-110.83,PINA,Pinal,NF,Globe,AZ
,35.013,-111.738,PINF,Pine Flat,NF,Sedona,AZ
,35.224,-111.812,PINE,Pine View RV Military - Camp Navajo,MIL,Bellemont,AZ
,35.028,-111.462,PING,Pinegrove,NF,Flagstaff,AZ
,31.933,-109.271,PINE,Pinery Canyon,NF,Portal,AZ
,33.28,-110.797,PION,Pioneer Pass,NF,Globe,AZ
,34.299,-111.113,POND,Ponderosa,NF,Payson,AZ
,34.711,-112.154,POTA,Potato Patch,NF,Clarkdale,AZ
,34.578,-112.069,POWE,Powell Springs,NF,Camp Verde,AZ
,33.66,-114.2,QVAL,Quartzite - La Paz Valley,BLM,Quartzite,AZ
,33.663,-114.217,QPOS,Quartzite - La Posa,BLM,Quartzite,AZ
,33.799,-109.329,RACC,Raccoon,NF,Alpine,AZ
,33.876,-109.404,RAIN,Rainbow,NF,Greer,AZ
,31.428,-110.304,RAMS,Ramsey Vista,NF,Sierra Vista,AZ
,31.429,-110.29,REEF,Reef Townsite,NF,Sierra Vista,AZ
,33.476,-111.62,REGI,Regional Park - Usery Mt RA,CP,Mesa,AZ
,33.844,-109.5,RESE,Reservation Lake,RES,Alpine,AZ
,32.708,-109.963,RIGG,Riggs Flat,NF,Safford,AZ
,34.306,-110.908,RIM,Rim,NF,Forest Lakes,AZ
,34.254,-114.141,RIVI,River Island  - Buckskin State Park,SP,Parker,AZ
,33.81,-111.647,RIVS,Riverside,NF,Carefree,AZ
,32.883,-109.481,RIVW,Riverview,BLM,Sanchez,AZ
,34.563,-111.219,ROCK,Rock Crossing,NF,Blue Ridge,AZ
,34.034,-109.454,ROLF,Rolfe C. Hoyer,NF,Greer,AZ
,32.759,-109.71,ROPE,Roper Lake State Park,SP,Safford,AZ
,32.393,-110.704,ROS1,Rose Canyon,NF,Tucson,AZ
,33.83,-110.979,ROS2,Rose Creek,NF,Young,AZ
,31.784,-109.303,RUCF,Rucker Forest Camp,NF,Elfrida,AZ
,31.78,-109.31,RUCK,Rucker Lake,NF,Douglas,AZ
,31.905,-109.279,RUST,Rustler Park,NF,Rodeo  NM,AZ
,0,-110.988,SAWM,Sawmill Flats,NF,,AZ
,33.648,-111.013,SCHO,Schoolhouse,NF,Roosevelt,AZ
,34.176,-109.96,SCOT,Scott Reservoir,NF,Lakeside,AZ
,34.356,-111.283,SECO,Second Crossing,NF,Payson,AZ
,33.966,-111.863,SEVE,Seven Springs,NF,Carefree,AZ
,32.657,-109.858,SHAN,Shannon,NF,Safford,AZ
,34.307,-110.996,SHAR,Sharp Creek,NF,Payson,AZ
,34.195,-110.007,SHOW,Show Low Lake,CP,Show Low,AZ
,34.063,-109.733,SHUT,Shush Be Tou,RES,McNary,AZ
,34.056,-109.724,SHUZ,Shush Bezahze,RES,McNary,AZ
,34.306,-110.886,SINK,Sinkhole,NF,Forest Lakes,AZ
,32.699,-109.92,SOLD,Soldier Creek,NF,Safford,AZ
,32.417,-110.74,SPEN,Spencer Canyon,NF,Tucson,AZ
,34.332,-110.936,SPIL,Spillway,NF,Heber,AZ
,32.902,-114.474,SQUA,Squaw Lake,BLM,Yuma,AZ
,31.891,-109.167,STEW,Stewart,NF,Portal,AZ
,32.592,-109.849,STOC,Stockton Pass,NF,Safford,AZ
,33.55,-109.318,STRA,Strayhorse,NF,Alpine,AZ
,33.293,-110.868,SULP,Sulphide Del Ray,NF,Globe,AZ
,35.679,-109.201,SUMM,Summit,RES,St. Michaels,AZ
,31.885,-109.175,SUNN,Sunny Flat,NF,Rodeo NM,AZ
,33.992,-109.548,SUNR,Sunrise Lake,RES,Eagar,AZ
,34.171,-113.843,SWAN,Swansea Ghost Town,BLM,Parker,AZ
,36.032,-114.325,TEMP,Temple Bar Marina - Lake Mead National Rec Area,NRA,Temple Bar,AZ
,35.938,-112.123,TENX,TenX,NF,Tusayan,AZ
,34.365,-111.281,THIR,Third Crossing,NF,Payson,AZ
,33.688,-110.571,TIMB,Timber Camp,NF,Globe,AZ
,34.329,-111.093,TONT,Tonto Creek,NF,Payson,AZ
,33.529,-111.396,TORT,Tortilla,NF,Apache Junction,AZ
,36.053,-112.113,TRAI,Trailer Village - Grand Canyon National Park,NP,Grand Canyon,AZ
,31.942,-112.811,TWIN,Twin Peaks - Organ Pipe Cactus National Monument,NM,Lukeville,AZ
,33.633,-111.203,UPPB,Upper Burnt Corral,NF,Apache Junction,AZ
,34.288,-110.806,UPPC,Upper Canyon Creek,NF,Young,AZ
,33.269,-109.347,UPPJ,Upper Juan Miller,NF,Clifton,AZ
,34.339,-111.094,UPPT,Upper Tonto Creek,NF,Payson,AZ
,33.476,-111.619,USER,Usery Mountain,CP,Mesa,AZ
,34.244,-110.797,VALE,Valentine Ridge,NF,Heber,AZ
,36.951,-113.794,VIRG,Virgin River,BLM,Littlefield,AZ
,33.881,-112.821,VULT,Vulture Peak Rd - Box Wash dispersed,BLM,Wickenburg,AZ
,36.996,-111.496,WAHW,Wahweap - Glen Canyon National Rec Area,NRA,Page,AZ
,34.352,-111.286,WATE,Water Wheel,NF,Payson,AZ
,34.592,-112.422,WATS,Watson Lake Park,CP,Prescott,AZ
,33.79,-109.413,WESF,West Fork,NF,Alpine,AZ
,31.865,-109.359,WEST,West Turkey Creek,NF,Douglas,AZ
,36.215,-109.092,WHEA,Wheatfields Lake,RES,Fort Defiance,AZ
,35.119,-112.017,WHIH,White Horse Lake,NF,Williams,AZ
,31.395,-111.089,WHIR,White Rock,NF,Nogales,AZ
,34.509,-112.477,WHIS,White Spar,NF,Prescott,AZ
,33.566,-112.499,WHIT,White Tank Mountain,CP,Litchfield Park,AZ
,31.562,-109.721,WHIT,Whitewater Draw,BLM,Tombstone,AZ
,35.065,-113.871,WILD,Wild Cow Springs,BLM,Kingman,AZ
,33.494,-114.888,WILE,Wiley Wells Dispersed  - Mule Mountain,BLM,Quartzite,AZ
,35.87,-114.66,WILL,Willow Beach  - Lake Mead National Rec Area,NRA,Henderson,AZ
,33.667,-111.087,WINH,Windy Hill,NF,Roosevelt,AZ
,35.436,-114.161,WINP,Windy Point,BLM,Kingman,AZ
,33.965,-109.484,WINN,Winn,NF,Greer,AZ
,34.613,-112.545,YAVA,Yavapai,NF,Prescott,AZ
,32.728,-114.423,YUMA,Yuma VFW,BLM,Yuma,AZ
,37.379,-106.345,ALAM,Alamosa,NF,La Jara,CO
,38.654,-106.858,ALMO,Almont,NF,Almont,CO
,38.08,-105.562,ALVA,Alvarado,NF,Westcliffe,CO
,38.019,-107.665,AMPH,Amphitheater,NF,Ouray,CO
,38.583,-106.221,ANGE,Angel of Shavano,NF,Poncha Springs,CO
,40.689,-105.35,ANSE,Ansel Watrous,NF,Rustic,CO
,40.121,-105.76,ARAP,Arapaho Bay,NF,Granby,CO
,38.251,-104.733,ARKA,Arkansas Point - Lake Pueblo State Park,SP,Pueblo,CO
,40.517,-106.032,ASP1,Aspen,NF,Gould,CO
,39.425,-105.843,ASP2,Aspen,NF,Jefferson,CO
,37.073,-106.275,ASPD,Aspen Glade,NF,Antonito,CO
,40.619,-105.819,ASPN,Aspen Glen,NF,Fort Collins,CO
,39.222,-107.78,ASPG,Aspen Grove - Vega State Park,SP,Collbran,CO
,39.864,-105.416,ASPM,Aspen Meadow  - Golden Gate Canyon State Park,SP,Golden,CO
,40.4,-105.594,ASPE,Aspenglen - Rocky Mountain National Park,NP,Estes Park,CO
,39.236,-107.204,AVAL,Avalanche,NF,Redstone,CO
,39.27,-106.351,BABY,Baby Doe,NF,Leadville,CO
,39.654,-105.177,BEAR,Bear Creek Lake Park,CP,Lakewood,CO
,37.326,-105.143,BEA1,Bear Lake,NF,La Veta,CO
,40.045,-107.07,BEA2,Bear Lake,NF,Yampa,CO
,37.617,-106.676,BEAV,Beaver Creek,NF,South Fork,CO
,40.053,-106.133,HOTS,Beaver Creek Unti - Hot Sulphur State Wildlife Area,SP,Parshall,CO
,38.25,-107.545,BEAL,Beaver Lake,NF,Cimarron,CO
,40.771,-105.617,BELL,Bellaire Lake,NF,Red Feather Lakes,CO
,39.269,-106.349,BELC,Belle of Colorado,NF,Leadville,CO
,40.708,-105.724,BIGB,Big Bend,NF,Fort Collins,CO
,38.217,-107.385,BIGL,Big Blue,NF,Sapeniro,CO
,38.258,-107.545,BIGC,Big Cimarron,NF,Cimarron,CO
,39.078,-107.883,BIGK,Big Creek,NF,Collbran,CO
,40.935,-106.609,BICL,Big Creek Lakes,NF,,CO
,38.745,-108.55,BIGS,Big Dominguez,BLM,Whitewater,CO
,37.54,-106.795,BIGM,Big Meadows,NF,South Fork,CO
,40.633,-105.807,BISO,Big South,NF,Fort Collins,CO
,40.067,-106.581,BLAK,Blacktail Creek,NF,Yampa,CO
,37.145,-106.885,BLAN,Blanco River,NF,Pagosa,CO
,39.472,-106.366,BLOD,Blodgett,NF,Vail,CO
,37.313,-105.139,BLUL,Blue Lake,NF,La Veta,CO
,38.961,-105.362,BLUM,Blue Mountain,NF,Florissant,CO
,39.726,-106.131,BLUR,Blue River,NF,Silverthorne,CO
,40.56,-105.965,BOCK,Bockman - State Forest State Park,SP,Walden,CO
,39.1,-107.262,BOGA,Bogan Flats,NF,Redstone,CO
,39.104,-107.898,BONH,Bonham Lake City Park,CP,,CO
,40.155,-105.126,BOUL,Boulder County Fairground,CP,Boulder,CO
,40.43,-105.058,BOYD,Boyd Lake State Park,SP,Loveland,CO
,37.657,-108.738,BRAD,Bradfield,NF,Cortez,CO
,37.465,-107.199,BRID,Bridge,NF,Pagosa Springs,CO
,37.818,-107.144,BRIS,Bristol Head,NF,Creede,CO
,40.796,-105.927,BROW,Browns Park,NF,Gould,CO
,40.249,-103.625,BRUS,Brush Memorial RV Park,CP,Brush,CO
,38.44,-109.045,BUCK,Buckeye,NF,Paradox,CO
,39.994,-105.634,BUCH,Buckingham,CP,Boulder,CO
,39.341,-105.329,BUFF,Buffalo,NF,Buffalo Creek,CO
,38.185,-106.517,BUFP,Buffalo Pass,NF,Saguache,CO
,39.032,-105.987,BUFS,Buffalo Springs,NF,Fairplay,CO
,39.513,-105.711,BURN,Burning Bear,NF,Jefferson,CO
,37.788,-108.066,BURR,Burro Bridge,NF,Dolores,CO
,39.876,-105.897,BYER,Byers Creek,NF,Fraser,CO
,37.63,-108.694,CABI,Cabin Canyon,NF,Cortez,CO
,40.128,-105.521,CAMD,Camp Dick,NF,Ward,CO
,39.42,-106.314,CAMH,Camp Hale Memorial,NF,Minturn,CO
,39.042,-107.983,CARP,Carp Lake,NF,Cedaredge,CO
,37.144,-104.57,CAPO,Carpios Ridge - Trinidad Lake State Park,SP,Trinidad,CO
,40.355,-105.22,CARN,Carter Lake - North Side Campgrounds,CP,Loveland,CO
,40.32,-105.209,CARS,Carter Lake - South Side Campgrounds,CP,Berthoud,CO
,38.71,-106.245,CASC,Cascade,NF,Nathrop,CO
,39.364,-104.584,CASE,Casey Jones Park,CP,Elizabeth,CO
,39.891,-106.832,CATA,Catamount,BLM,Eagle,CO
,39.837,-106.307,CATA,Cataract Creek,NF,Silverthorne,CO
,37.822,-106.605,CATH,Cathedral,NF,Del Norte,CO
,37.77,-107.977,CAYT,Cayton,NF,Rico,CO
,38.047,-107.1,CEBO,Cebolla,NF,Lake City,CO
,38.828,-106.837,CEME,Cement Creek,NF,Crested Butte,CO
,38.713,-106.233,CHAL,Chalk Lake,NF,Nathrop,CO
,40.597,-105.852,CHAM,Chambers Lake,NF,Rustic,CO
,39.309,-106.637,CHAP,Chapman,NF,Basalt,CO
,40.186,-107.091,CHAR,Chapman Reservoir,NF,Yampa,CO
,39.539,-105.063,CHAT,Chatfield State Park,SP,Littleton,CO
,39.647,-104.829,CHER,Cherry Creek State Park,SP,Aurora,CO
,38.738,-104.809,CHEY,Cheyenne Mountain State Park,SP,Colorado Sprin,CO
,38.442,-107.554,CIMA,Cimarron - Curecanti National Rec Area,NRA,Cimarron,CO
,37.539,-107.209,CIMR,Cimarrona,NF,Pagosa Springs,CO
,39.754,-105.231,CLEA,Clear Creek RV Park,CP,Golden,CO
,39.652,-105.708,CLEA,Clear Lake,NF,Georgetown,CO
,38.334,-105.804,COAL,Coaldale,NF,Salida,CO
,39.676,-107.204,COFF,Coffee Pot Spring,NF,Gypsum,CO
,38.767,-106.642,COLD,Cold Spring,NF,Almont,CO
,40.03,-107.119,COL1,Cold Springs,NF,Yampa,CO
,39.842,-105.497,COL2,Cold Springs,NF,Black Hawk,CO
,39.081,-107.957,COLC,Collbran - Cottonwood Lake,NF,Cedaredge,CO
,38.813,-106.316,COLP,Collegiate Peaks,NF,Buena Vista,CO
,39.08,-105.094,COLO,Colorado,NF,Woodland Park,CO
,39.817,-105.549,COLB,Columbine,NF,Central City,CO
,38.424,-108.381,COLU,Columbine,NF,Montrose,CO
,38.599,-106.603,COMM,Comanche,NF,Ohio City,CO
,37.445,-106.362,COMS,Comstock,NF,Monte Vista,CO
,37.171,-106.444,CONE,Conejos,NF,Antonito,CO
,38.782,-106.292,COTW,Cottonwood Lake,NF,Buena Vista,CO
,38.909,-105.461,COVE,Cove,NF,Woodland Park,CO
,39.875,-106.279,COWC,Cow Creek,NF,Silverthorne,CO
,38.871,-105.12,CRAG,Crags,NF,Divide,CO
,38.688,-107.599,CRAW,Crawford State Park,SP,Crawford,CO
,40.81,-108.923,CROO,Crook - Browns Wildlife Area,SFW,Maybell,CO
,40.17,-107.052,CROH,Crosho Lake Recreation Area,NF,Oak Creek,CO
,37.581,-106.65,CROS,Cross Creek,NF,South Fork,CO
,40.644,-104.343,CROW,Crow Valley,NF,Fort Collins,CO
,38.055,-105.071,DAVE,Davenport,NF,Colorado City,CO
,39.838,-106.231,DAVI,Davis Springs,NF,Silverthorne,CO
,39.361,-106.738,DEAR,Dearhamer,NF,Basalt,CO
,39.772,-107.302,DEEK,Deep Lake,NF,Gypsum,CO
,39.508,-105.554,DEER,Deer Creek,NF,Bailey,CO
,38.022,-107.188,DEEL,Deer Lakes,NF,Lake City,CO
,40.45,-108.523,DEEP,Deerlodge Park - Dinosaur National Monument,NM,Maybell,CO
,37.683,-106.353,DEL,Del Norte City Park,CP,Del Norte,CO
,40.255,-106.079,DENV,Denver Creek,NF,Granby,CO
,39.271,-105.103,DEVI,Devils Head,NF,Sedalia,CO
,39.092,-106.325,DEXT,Dexter,NF,,CO
,39.141,-106.774,DIFF,Difficult,NF,Aspen,CO
,38.905,-106.587,DINN,Dinner Station,NF,Almont,CO
,38.684,-108.689,DIVI,Divide Fork,NF,Grand Junction,CO
,38.965,-106.663,DORC,Dorchester,NF,Almont,CO
,40.791,-105.557,DOWD,Dowdy Lake,NF,Red Feather Lakes,CO
,38.481,-107.187,DRYG,Dry Gulch - Curecanti Area,NP,Gunnison,CO
,40.536,-106.781,DRYL,Dry Lake,NF,Steamboat Springs,CO
,40.435,-107.896,DUFF,Duffy Mountain - Yampa River State Park,SP,Craig,CO
,40.405,-106.627,DUMO,Dumont Lake,NF,Steamboat Springs,CO
,40.697,-105.444,DUTC,Dutch George,NF,Fort Collins,CO
,39.215,-107.811,EARL,Early Settlers - Vega State Park,SP,Collbran,CO
,39.613,-102.17,EASB,East Beach - Bonny Lake State Park,SP,Idalia,CO
,40.482,-108.321,EASC,East Cross Mountain - Yampa River State Park,SP,Maybell,CO
,37.377,-106.889,EASF,East Fork,NF,Pagosa Springs,CO
,40.011,-107.426,EASM,East Marvine,NF,Meeker,CO
,38.525,-107.65,EASP,East Portal - Curecanti National Rec Area,NRA,Gunnison,CO
,39.658,-105.593,ECHL,Echo Lake - Idaho Springs,NF,Idaho Springs,CO
,40.525,-108.983,ECHP,Echo Park - Dinosaur National Monument,NM,Maybell,CO
,39.049,-107.936,EGGL,Eggleston,NF,Cedaredge,CO
,39.152,-106.418,ELBE,Elbert Creek,NF,Leadville,CO
,38.937,-105.503,ELEV,Eleven Mile State Park,SP,Lake George,CO
,37.126,-106.368,ELKO,Elk Creek,NF,Antonito,CO
,38.466,-107.167,ELKC,Elk Creek - Curecanti Area,NP,Gunnison,CO
,39.344,-106.612,ELKW,Elk Wallow,NF,Basalt,CO
,39.874,-106.325,ELLI,Elliott Creek,NF,Silverthorne,CO
,39.762,-105.684,EMPI,Empire City RV Parking,CP,Emprire,CO
,38.958,-107.264,ERIC,Erickson Springs,NF,Paonia,CO
,39.01,-104.994,FARI,Farish Military - USAF Academy,MIL,Colorado Springs,CO
,39.276,-106.352,FATH,Father Dyer,NF,Leadville,CO
,37.618,-108.647,FERR,Ferris Canyon,NF,Cortez,CO
,38.441,-105.536,FIVE,Five Points - Arkansas Headwaters State Rec Area,SP,,CO
,39.326,-105.086,FLAR,Flat Rocks,NF,Sedalia,CO
,40.372,-105.233,FLRE,Flatiron Reservoir,CP,Loveland,CO
,40.681,-102.845,FLEM,Fleming RV Park,CP,Fleming,CO
,37.452,-107.682,FLOR,Florida,NF,Bayfield,CO
,39.614,-102.22,FOST,Foster Grove - Bonny Lake State Park,SP,Idalia,CO
,39.21,-106.104,FOUR,Fourmile,NF,Fairplay,CO
,40.762,-107.421,FREE,Freeman Reservoir,NF,Craig,CO
,39.15,-108.74,FRUI,Fruita - Colorado River State Park,SP,Fruita,CO
,39.492,-106.658,FULF,Fulford Cave,NF,Eagle,CO
,38.547,-106.302,GARF,Garfield,NF,Salida,CO
,40.727,-108.887,GATL,Gates of Lodore - Dinosaur National Monument,NM,Maybell,CO
,39.532,-105.737,GENE,Geneva Park,NF,Jefferson,CO
,39.734,-105.689,GEOR,Georgetown Lake,CP,Georgetown,CO
,40.33,-105.596,GLAC,Glacier Basin - Rocky Mountain National Park,NP,Estes Park,CO
,38.655,-106.574,GOLC,Gold Creek,NF,Gunnison,CO
,39.404,-106.436,GOLP,Gold Park,NF,Minturn,CO
,39.171,-105.359,GOOS,Goose Creek,NF,Woodland Park,CO
,39.627,-106.275,GORC,Gore Creek,NF,Vail,CO
,40.074,-106.56,GORP,Gore Pass,NF,Kremmling,CO
,38.982,-107.006,GOTH,Gothic,NF,Crested Butte,CO
,37.391,-107.54,GRAH,Graham Creek,NF,Bayfield,CO
,40.503,-105.772,GRAV,Grand View,NF,Fort Collins,CO
,40.496,-106.691,GRAN,Granite,NF,Steamboat Springs,CO
,38.407,-105.316,GRAP,Grape Creek - Temple Canyon Park,CP,Canon City,CO
,39.326,-105.356,GREE,Green Mountain,NF,Deckers,CO
,40.206,-105.844,GRER,Green Ridge,NF,Granby,CO
,37.936,-104.846,GREE,Greenhorn Meadows Park,CP,Colorado City,CO
,40.557,-106.599,GRIZ,Grizzly Creek,NF,Walden,CO
,39.613,-105.716,GUAN,Guanella Pass,NF,Georgetown,CO
,39.651,-106.952,GYPS,Gypsum,BLM,Glenwood Springs,CO
,40.84,-106.997,HAHN,Hahns Peak Lake,NF,Steamboat Springs,CO
,39.501,-106.432,HALF,Halfmoon,NF,Leadville,CO
,39.161,-106.396,HALE,Halfmoon East,NF,Leadville,CO
,39.158,-106.397,HALW,Halfmoon West,NF,Leadville,CO
,39.483,-105.805,HALL,Hall Valley,NF,Webster,CO
,39.482,-105.802,HAND,Handcart,NF,Jefferson,CO
,37.813,-106.737,HANS,Hansons Mill,NF,Creede,CO
,39.015,-105.362,HAPP,Happy Meadows,NF,Woodland Park,CO
,40.646,-102.624,HARV,Harvester Park,CP,Haxtun,CO
,37.534,-107.808,HAVI,Haviland Lake,NF,Durango,CO
,38.33,-105.823,HAYD,Hayden Creek,NF,Salida,CO
,40.49,-107.311,HEAY,Headquarters  - Yampa River State Park,SP,Hayden,CO
,39.604,-106.078,HEAT,Heaton Bay,NF,Frisco,CO
,38.653,-106.052,HECL,Hecla Junction - Arkansas Headwaters State Rec Area,SP,Salida,CO
,40.335,-105.464,HERM,Hermit Park Open Space,CP,Estes Park,CO
,40.507,-106.608,HIDD,Hidden Lakes,NF,Walden,CO
,38.041,-107.133,HIDV,Hidden Valley,NF,Lake City,CO
,39.919,-105.784,HIDE,Hideaway Park,CP,Winter Park,CO
,39.27,-108.836,HIGL,Highline Lake State Park,SP,Loma,CO
,37.622,-106.685,HIGW,Highway Springs,NF,South Fork,CO
,40.028,-107.272,HIME,Himes Peak,NF,Buford,CO
,40.749,-106.834,HINM,Hinman Park,NF,Steamboat Springs,CO
,39.472,-106.366,HORN,Hornsilver,NF,Minturn,CO
,39.9,-106.096,HOR1,Horseshoe,NF,Parshall,CO
,39.202,-106.086,HOR2,Horseshoe,NF,Fairplay,CO
,40.035,-107.113,HOR3,Horseshoe,NF,,CO
,37.516,-108.535,HOUS,House Creek,NF,Dolores,CO
,37.383,-109.071,HOVE,Hovenweep National Monument,NP,Cortez,CO
,39.134,-103.471,HUGO,Hugo City Park,CP,Hugo,CO
,39.904,-105.778,IDLE,Idlewild,NF,Winter Park,CO
,39.381,-105.098,INDI,Indian Creek,NF,Sedalia,CO
,40.527,-105.161,INLE,Inlet Bay - Horsetooth Reservoir,CP,Fort Collins,CO
,40.826,-108.734,IRIS,Irish Canyon,BLM,Maybell,CO
,38.709,-106.338,IROC,Iron City,NF,Nathrop,CO
,38.317,-108.164,IROS,Iron Springs,NF,Montrose,CO
,39.168,-108.301,ISLA,Island Acres - James M. Robb - Colorado River State Park,SP,Palisade,CO
,39.032,-108.011,ISLL,Island Lake,NF,Cedaredge,CO
,37.681,-107,IVYC,Ivy Creek,NF,Creede,CO
,40.633,-105.525,JACG,Jacks Gulch,NF,Rustic,CO
,39.251,-105.089,JACK,Jackson Creek,NF,Denver,CO
,40.385,-104.093,JACL,Jackson Lake State Park,SP,Orchard,CO
,39.433,-105.853,JEFF,Jefferson Creek,NF,Jefferson,CO
,39.053,-108.094,JUMB,Jumbo,NF,Mesa,CO
,37.337,-107.917,JUNC,Junction Creek,NF,Durango,CO
,38.277,-104.755,JUNI,Juniper Breaks - Lake Pueblo State Park,SP,Pueblo,CO
,40.47,-107.953,JUNP,Juniper Canyon - Yampa River State Park,SP,Craig,CO
,39.932,-105.498,KELD,Kelly Dahl,NF,Nederland,CO
,40.681,-105.483,KELF,Kelly Flats,NF,Rustic,CO
,39.306,-105.265,KELS,Kelsey,NF,Bailey,CO
,39.414,-105.761,KENO,Kenosha Pass,NF,Jefferson,CO
,39.038,-107.948,KISE,Kiser Creek,NF,Cedaredge,CO
,39.329,-106.128,KITE,Kite Lake,NF,Alma,CO
,37.376,-108.077,KROE,Kroeger,NF,Durango,CO
,37.984,-105.059,LAVI,La Vista - Lake Isabel,NF,Colorado City,CO
,38.265,-105.662,LAKK,Lake Creek,NF,Westcliffe,CO
,37.309,-106.477,LKF1,Lake Fork,NF,Antonito,CO
,38.455,-107.323,LKF2,Lake Fork - Curecanti Area,NRA,Gunnison,CO
,38.075,-102.933,LAKH,Lake Hasty - John Martin State Park,SP,Hasty,CO
,38.881,-107.108,LAKI,Lake Irwin,NF,Crested Butte,CO
,38.818,-106.58,LAKA,Lakeview - Almont,NF,,CO
,39.098,-106.366,LAKT,Lakeview - Twin Lakes,NF,Leadville,CO
,39.117,-106.695,LINC,Lincoln Gulch,NF,Aspen,CO
,39.378,-106.806,LTMA,Little Mattie,NF,Basalt,CO
,39.375,-106.813,LITM,Little Maud,NF,Basalt,CO
,38.761,-106.662,LODA,Lodgepole - Almont,NF,Almont,CO
,39.423,-105.843,LODJ,Lodgepole - Jefferson,NF,Jefferson,CO
,39.252,-105.235,LONE,Lone Rock,NF,Woodland Park,CO
,40.515,-105.767,LOND,Long Draw,NF,Gould,CO
,40.275,-105.559,LONP,Longs Peak - Rocky Mountain National Park,NP,Estes Park,CO
,38.87,-107.208,LOSL,Lost Lake,NF,Paonia,CO
,39.122,-106.625,LOSM,Lost Man,NF,Aspen,CO
,39.285,-105.507,LOSP,Lost Park,NF,Jefferson,CO
,37.768,-107.349,LOST,Lost Trail,NF,Creede,CO
,38.776,-106.627,LOTT,Lottis Creek,NF,Almont,CO
,37.616,-106.676,LOWB,Lower Beaver Creek,NF,South Fork,CO
,40.691,-105.431,LOWN,Lower Narrows,NF,Fort Collins,CO
,37.242,-107.343,LOWP,Lower Piedra,NF,Pagosa Springs,CO
,39.623,-106.031,LOWR,Lowry,NF,Dillon,CO
,38.181,-106.584,LUDE,Luders Creek,NF,Saguache,CO
,40.078,-106.699,LYNX,Lynx Pass,NF,Toponas,CO
,37.4,-108.27,MAIN,Main - Mancos State Park,SP,Dolores,CO
,37.789,-106.986,MARS,Marshall Park,NF,Creede,CO
,40.007,-107.426,MARV,Marvine,NF,Buford,CO
,40.347,-105.531,MARY,Marys Lake - USBR,BOR,Estes Park,CO
,39.258,-106.36,MATC,Matchless,NF,Leadville,CO
,37.845,-107.881,MATT,Matterhorn,NF,Telluride,CO
,37.651,-108.297,MAVR,Mavreeso,NF,Dolores,CO
,40.501,-108.033,MABB,Maybell Bridge - Yampa River State Park,SP,Craig,CO
,40.517,-108.086,MAYB,Maybell City Park,CP,Maybell,CO
,39.278,-106.431,MAYQ,Mayqueen,NF,Leadville,CO
,38.059,-107.872,MCC1,McClure,NF,,CO
,39.124,-107.313,MCC2,McClure,NF,Redstone,CO
,39.851,-106.238,MCDO,Mcdonald Flats,NF,Silverthorne,CO
,37.497,-108.553,MCPH,Mcphee,NF,Dolores,CO
,39.817,-107.543,MEAL,Meadow Lake,NF,Buford,CO
,40.223,-105.274,MEAD,Meadow Park,CP,Lyons,CO
,38.978,-104.986,MEAR,Meadow Ridge,NF,Woodland Park,CO
,40.373,-106.724,MEAD,Meadows,NF,Steamboat Springs,CO
,40.036,-107.91,MEEK,Meeker City Park,CP,Meeker,CO
,40.242,-105.534,MEEK,Meeker Park Overflow,NF,Estes Park,CO
,39.51,-105.535,MERI,Meridian,NF,Bailey,CO
,39.411,-105.883,MICH,Michigan Creek,NF,Jefferson,CO
,37.409,-107.536,MIDM,Middle Mountain - Vallecito Reservoir,NF,Bayfield,CO
,38.623,-106.425,MIDQ,Middle Quartz,NF,Monarch,CO
,37.906,-107.39,MILC,Mill Creek - Lake City,BLM,,CO
,37.405,-107.661,MILL,Miller Creek,NF,Bayfield,CO
,38.981,-108.872,MIRK,Miracle Rock,BLM,Glade Park,CO
,37.975,-108.334,MIRA,Miramonte Reservoir - SWA,SFW,,CO
,38.747,-106.432,MIRR,Mirror Lake - Almont,NF,Almont,CO
,40.43,-104.863,MISS,Missile Site Park,CP,Greeley,CO
,37.358,-106.547,MIXL,Mix Lake,NF,Antonito,CO
,39.776,-105.792,MIZP,Mizpah,NF,Empire,CO
,37.065,-106.235,MOGO,Mogote,NF,Antonito,CO
,37.749,-107.683,MOLA,Molas Lake Public Park,CP,Silverton,CO
,39.375,-106.81,MOLL,Mollie B,NF,Basalt,CO
,39.264,-106.353,MOLB,Molly Brown,NF,Leadville,CO
,39.194,-105.344,MOLG,Molly Gulch,NF,Sedalia,CO
,38.516,-106.325,MONA,Monarch Park,NF,Poncha Springs,CO
,37.207,-105.047,MONU,Monument Lake Park,CP,Stonewall,CO
,40.358,-105.6,MORA,Moraine Park,NP,Estes Park,CO
,37.302,-108.42,MORE,Morefield - Mesa Verde National Park,NP,Mancos,CO
,38.86,-106.71,MOSC,Mosca,NF,Almont,CO
,38.714,-106.224,MOUP,Mount Princeton,NF,Nathrop,CO
,40.682,-105.467,MOUK,Mountain Park,NF,Rustic,CO
,38.905,-108.739,MUDS,Mud Springs,BLM,Glade Park,CO
,38.89,-105.164,MUEL,Mueller State Park,SP,Divide,CO
,40.691,-105.431,NARR,Narrows,NF,Rustic,CO
,37.004,-107.418,NAVA,Navajo State Park,SP,Arboles,CO
,38.353,-106.56,NEED,Needle Creek Reservoir,NF,Gunnison,CO
,38.73,-106.758,NORB,North Bank,NF,Almont,CO
,37.394,-107.539,NORC,North Canyon - Vallecito Reservoir,NF,Bayfield,CO
,37.836,-107.139,NORK,North Clear Creek,NF,Creede,CO
,39.638,-102.185,NOCP,North Cove - Bonny Lake State Park,SP,Idalia,CO
,38.016,-105.689,NOCC,North Crestone Creek,NF,Crestone,CO
,40.059,-107.434,NORF,North Fork,NF,Buford,CO
,40.814,-105.71,NORP,North Fork Poudre,NF,Livermore,CO
,38.612,-106.32,NORR,North Fork Reservoir,NF,Salidas,CO
,39.331,-108.702,NORF,North Fruita Desert,BLM,De Beque,CO
,40.553,-105.997,NOMI,North Michigan - State Forest State Park,SP,Walden,CO
,38.586,-107.709,NORM,North Rim - Gunnison National Park,NP,Montrose,CO
,40.796,-103.265,NORT,North Sterling State Park,SP,Sterling,CO
,38.275,-104.78,NORP,Northern Plains - Lake Pueblo State Park,SP,Pueblo,CO
,38.296,-105.269,OAKC,Oak Creek,NF,Canon City,CO
,39.231,-107.789,OAKP,Oak Point - Vega State Park,SP,Collbran,CO
,38.428,-106.143,OHAV,Ohaver Lake,NF,Poncha Springs,CO
,37.377,-107.56,OLDT,Old Timers - Vallecito Reservoir,NF,Bayfield,CO
,40.208,-105.523,OLIV,Olive Ridge,NF,Estes Park,CO
,38.728,-106.759,ONEM,One Mile,NF,Almont,CO
,38.061,-105.107,OPHI,Ophir Creek,NF,Colorado City,CO
,39.349,-105.177,OSPR,Osprey,NF,Woodland Park,CO
,39.32,-105.188,OUZE,Ouzel,NF,Woodland Park,CO
,39.084,-105.105,PAIN,Painted Rocks,NF,Woodland Park,CO
,37.751,-106.765,PALI,Palisade - South Fork,NF,South Fork,CO
,38.547,-106.946,PALI,Palisades Senior RV Park,CP,Gunnison,CO
,38.987,-107.348,PAON,Paonia State Park,SP,Crawford,CO
,37.592,-106.729,PARK,Park Creek - South Fork,NF,South Fork,CO
,39.068,-106.41,PARP,Parry Peak,NF,,CO
,40.079,-105.569,PAWN,Pawnee,NF,Nederland,CO
,40.131,-105.506,PEAC,Peaceful Valley,NF,Nederland,CO
,39.584,-106.071,PEAK,Peak One,NF,Frisco,CO
,40.789,-106.892,PEAR,Pearl Lake State Park,SP,Clark,CO
,37.843,-106.282,PENI,Penitente Canyon,BLM,La Garita,CO
,39.006,-104.84,PERE,Peregrine Pines Military - USAF Academy,MIL,,CO
,39.588,-106.069,PINC,Pine Cove,NF,Frisco,CO
,37.4,-107.535,PINP,Pine Point - Vallecito Reservoir,NF,Bayfield,CO
,37.447,-107.505,PINR,Pine River,NF,Durango,CO
,40.492,-106.008,PINS,Pines,NF,Rustic,CO
,40.364,-105.283,PINE,Pinewood Reservoir,CP,Loveland,CO
,37.617,-104.831,PINN,Pinon - Lathrop State Park,SP,Walsenburg,CO
,37.745,-105.505,PINY,Pinyon Flats - Sand Dunes National Monument,NM,Mosca,CO
,39.212,-107.813,PION,Pioneer - Vega State Park,SP,Collbran,CO
,40.079,-106.103,PION,Pioneer Park,CP,Hot Sulphur Sp,CO
,40.626,-103.246,PION,Pioneer Park,CP,Sterling,CO
,38.61,-106.5,PITK,Pitkin,NF,Pitkin,CO
,39.294,-105.204,PLAT,Platte River,NF,Woodland Park,CO
,38.085,-102.959,POIN,Point - John Martin State Park,SRA,Mcclave,CO
,38.521,-107.303,POND,Ponderosa - Curecanti Area,NP,Sapinero,CO
,39.076,-106.612,PORT,Portal,NF,Aspen,CO
,37.908,-106.427,POSO,Poso,NF,Saguache,CO
,39.843,-106.232,PRAI,Prairie Point,NF,Dillon,CO
,39.6,-106.043,PROS,Prospector,NF,Dillon,CO
,39.996,-106.492,PUMP,Pumphouse,BLM,Kremmling,CO
,37.253,-105.11,PURT,Purgatoire,NF,La Veta,CO
,37.629,-107.807,PURG,Purgatory,NF,Durango,CO
,38.638,-106.469,QUAR,Quartz,NF,Pitkin,CO
,39.172,-109.021,RABB,Rabbit Valley,BLM,Grand Junction,CO
,38.869,-106.142,RAIL,Railroad Bridge - Arkansas Headwaters State Rec Area,SP,Buena Vista,CO
,40.01,-105.571,RAIN,Rainbow Lakes,NF,Nederland,CO
,40.089,-108.789,RANG,Rangely Camper Park,CP,Rangely,CO
,40.503,-105.971,RANL,Ranger Lakes - State Forest State Park,SP,Walden,CO
,38.322,-107.225,REDB,Red Bridge,BLM,Powderhorn,CO
,38.479,-107.23,REDC,Red Creek - Curecanti Area,NRA,Gunnison,CO
,39.201,-107.229,REDS,Redstone,NF,Redstone,CO
,39.878,-105.45,REVE,Reverends Ridge - Golden Gate State Park,SP,Golden,CO
,38.214,-107.736,RIDG,Ridgway State Park,SP,Ridgway,CO
,39.676,-107.699,RIFF,Rifle Falls State Park,SP,Rifle,CO
,39.633,-107.751,RIFG,Rifle Gap State Park,SP,Rifle,CO
,39.731,-107.687,RIFM,Rifle Mountain County Park,CP,Rifle,CO
,38.473,-105.877,RINC,Rincon - Arkansas Headwaters State Rec Area,SP,Wellsville,CO
,40.092,-108.21,RIOB,Rio Blanco Lake Area - SWA,SFW,Meeker,CO
,37.763,-107.012,RIOG,Rio Grande,NF,Creede,CO
,37.891,-107.177,RITO,Rito Hondo,NF,Lake City,CO
,37.73,-107.23,RIVH,River Hill,NF,Creede,CO
,38.858,-106.569,RIVE,Rivers End,NF,Almont,CO
,38.96,-105.375,RIVS,Riverside,NF,Florissant,CO
,40.267,-103.8,RIVE,Riverside RV Park,CP,Fort Morgan,CO
,37.755,-107.193,ROAD,Road Canyon,NF,Creede,CO
,39.834,-105.756,ROBB,Robbers Roost,NF,Winter Park,CO
,37.469,-106.332,ROCM,Rock Creek - Monte Vista,NF,Monte Vista,CO
,38.731,-106.747,ROSY,Rosy Lane,NF,Almont,CO
,39.03,-105.433,ROUN,Round Mountain,NF,Florissant,CO
,38.754,-106.073,RUBY,Ruby Mountain - Arkansas Headwaters State Rec Area,SP,Buena Vista,CO
,39.121,-108.732,SADD,Saddlehorn - Colorado National Monument,NM,Fruita,CO
,37.668,-105.735,SANL,San Luis State Park,SP,Mosca,CO
,40.758,-107.331,SAWC,Sawmill Creek,NF,Craig,CO
,40.228,-106.057,SAWG,Sawmill Gulch,NF,Granby,CO
,40.774,-106.768,SEED,Seedhouse,NF,Steamboat Springs,CO
,39.372,-105.951,SELK,Selkirk,NF,Fairplay,CO
,40.142,-107.138,SHEF,Sheriffs Reservoir,NF,Yampa,CO
,37.634,-107.884,SIGC,Sig Creek,NF,Durango,CO
,39.158,-106.884,SILR,Silver Bar,NF,Aspen,CO
,39.143,-106.895,SILB,Silver Bell,NF,Aspen,CO
,39.26,-106.354,SILD,Silver Dollar,NF,Leadville,CO
,38.236,-107.538,SILJ,Silver Jack,NF,Cimarron,CO
,39.13,-106.901,SILQ,Silver Queen,NF,Aspen,CO
,37.828,-107.156,SILT,Silver Thread,NF,Creede,CO
,40.683,-105.774,SLEE,Sleeping Elephant,NF,Rustic,CO
,37.985,-107.225,SLUM,Slumgullion,NF,Lake City,CO
,38.521,-106.415,SNOB,Snowblind,NF,Sargents,CO
,37.363,-108.08,SNOS,Snowslide,NF,Durango,CO
,38.547,-107.316,SOAP,Soap Creek,NF,Sapeniro,CO
,40.509,-105.154,SOUT,South Bay - Horsetooth Reservoir,CP,Fort Collins,CO
,40.495,-107.554,SOUB,South Beach - Yampa River State Park,SP,Craig,CO
,39.796,-106.029,SOF1,South Fork,NF,Parshall,CO
,39.867,-107.534,SOF2,South Fork,NF,,CO
,39.065,-105.092,SOUM,South Meadows,NF,Woodland Park,CO
,37.806,-107.775,SOMI,South Mineral,NF,Silverton,CO
,38.544,-107.688,SOUR,South Rim - Gunnison National Park,NP,Montrose,CO
,37.133,-104.564,SOUR,South Shore - Trinidad Lake State Park,SP,Trinidad,CO
,37.983,-105.056,SOUS,Southside - Lake Isabel,NF,Pueblo,CO
,37.168,-106.439,SPEC,Spectacle Lake,NF,Antonito,CO
,38.907,-105.469,SPIL,Spillway,NF,Florissant,CO
,38.75,-106.767,SPRC,Spring Creek,NF,Almont,CO
,38.998,-105.022,SPRI,Springdale,NF,Woodland Park,CO
,38.93,-105.429,SPRG,Springer Gulch,NF,Florissant,CO
,38.047,-107.117,SPRU,Spruce,NF,Lake City,CO
,39.138,-105.462,SPGL,Spruce Grove - Lake George,NF,Florissant,CO
,39.05,-108.083,SPGM,Spruce Grove - Mesa,NF,Mesa,CO
,37.981,-105.066,STCH,St. Charles,NF,,CO
,39.923,-105.861,STLO,St. Louis Creek,NF,Fraser,CO
,40.161,-104.999,STVR,St. Vrain State Park,SP,Firestone,CO
,40.285,-106.866,STAG,Stagecoach State Park,SP,Oak Creek,CO
,39.875,-105.127,STAN,Standley Lake,CP,Westminster,CO
,40.814,-106.964,STEA,Steamboat Lake State Park,SP,Clark,CO
,38.487,-107.092,STEV,Stevens Creek - Curecanti Recreation Area,NRA,Gunnison,CO
,40.18,-105.887,STI1,Stillwater,NF,Granby,CO
,38.019,-106.677,STON,Stone Cellar,NF,Saguache,CO
,37.959,-106.431,STOR,Storm King,NF,Saguache,CO
,40.684,-105.396,STOV,Stove Prairie,NF,Fort Collins,CO
,37.378,-106.574,STUN,Stunner,NF,La Jara,CO
,39.789,-106.023,SUGA,Sugar Loaf,NF,Hot Sulphur Springs,CO
,40.545,-106.684,SUML,Summit Lake,NF,Walden,CO
,40.147,-105.876,SUNP,Sunset Point,NF,Granby,CO
,37.889,-107.89,SUNS,Sunshine,NF,Telluride,CO
,39.759,-107.32,SUPP,Supply Basin,NF,Dotsero,CO
,39.797,-107.161,SWEE,Sweetwater Lake,NF,Dotsero,CO
,40.836,-109.039,SWIN,Swinging Bridge - Browns Wildlife Area,SFW,,CO
,39.48,-106.734,SYLV,Sylvan Lake State Park,SP,Gypsum,CO
,39.275,-106.356,TABO,Tabor,NF,Leadville,CO
,37.341,-108.187,TARG,Target Tree,NF,Mancos,CO
,38.727,-106.766,TAYL,Taylor Canyon,NF,Gunnison,CO
,37.51,-107.229,TEAL,Teal,NF,Pagosa Springs,CO
,40.585,-106.605,TEAK,Teal Lake,NF,Walden,CO
,37.935,-107.806,TELL,Telluride Town Park,CP,Telluride,CO
,40.502,-105.89,CRGS,The Crags - State Forest State Park,SP,Walden,CO
,38.248,-107.259,GATE,The Gate,BLM,Powderhorn,CO
,37.724,-107.258,THIR,Thirtymile,NF,Creede,CO
,38.002,-107.694,THIS,Thistledown,NF,Ridgway,CO
,39.764,-107.694,THRE,Three Forks,NF,New Castle,CO
,38.977,-104.983,THUN,Thunder Ridge,NF,Woodland Park,CO
,39.523,-106.422,TIGI,Tigiwon,NF,Vail,CO
,40.379,-105.852,TIMB,Timber Creek - Rocky Mountain National Park,NP,Grand Lake,CO
,40.575,-105.583,TOMB,Tom Bennett,NF,Rustic,CO
,39.119,-105.179,TRAI,Trail Creek,NF,Woodland Park,CO
,37.468,-108.209,TRAN,Transfer,NF,Mancos,CO
,37.462,-107.681,TRAP,Transfer Park,NF,Bayfield,CO
,39.993,-107.24,TRAL,Trappers Lake,NF,Buford,CO
,40.241,-107.096,TROU,Trout Creek,NF,Yampa,CO
,37.047,-106.449,TRUJ,Trujillo Meadows,NF,,CO
,37.494,-106.761,TUCK,Tucker Ponds,NF,South Fork,CO
,40.674,-105.858,TUNN,Tunnel,NF,Rustic,CO
,38.609,-104.882,TURK,Turkey Creek Military - Fort Carson,MIL,Colorado Springs,CO
,39.153,-105.478,TWIE,Twin Eagles,NF,Lake George,CO
,39.065,-107.842,TWIL,Twin Lake,NF,Cedaredge,CO
,39.067,-106.421,TWIN,Twin Peaks,NF,,CO
,40.174,-105.047,UNIO,Union Reservoir,CP,Longmont,CO
,37.606,-106.677,UPPB,Upper Beaver Creek,NF,South Fork,CO
,39.663,-107.071,UPPC,Upper Colorado Rec Area,BLM,Gypsum,CO
,40.691,-105.431,UPPN,Upper Narrows,NF,Fort Collins,CO
,37.215,-107.273,UTE,Ute,NF,Pagosa Springs,CO
,37.478,-107.547,VALL,Vallecito,NF,Vallecito,CO
,40.134,-107.261,VAUG,Vaughn Lake,NF,Yampa,CO
,39.608,-102.185,WAGO,Wagon Wheel - Bonny Lake State Park,SP,Idalia,CO
,40.381,-106.685,WALT,Walton Creek,NF,,CO
,39.04,-107.979,WARD,Ward Lake,NF,Cedaredge,CO
,39.066,-107.831,WEIR,Weir and Johnson,NF,Collbran,CO
,39.121,-106.72,WELL,Weller,NF,Aspen,CO
,37.409,-108.265,WEST,West - Mancos State Park,SP,Dolores,CO
,39.679,-105.657,WESC,West Chicago Creek,NF,Idaho Springs,CO
,37.66,-108.276,WESD,West Dolores,NF,Dolores,CO
,37.445,-106.903,WESF,West Fork,NF,Pagosa Springs,CO
,40.79,-105.568,WESL,West Lake,NF,Red Feather Lakes,CO
,39.078,-106.136,WESP,Weston Pass,NF,Fairplay,CO
,39.747,-107.3,WHIO,White Owl,NF,Dotsero,CO
,39.09,-106.367,WHIS,White Star,NF,,CO
,39.482,-105.694,WHIT,Whiteside,NF,Grant,CO
,39.242,-105.266,WIGW,Wigwam,NF,Sedalia,CO
,39.055,-105.253,WILD,Wildhorn,NF,Divide,CO
,37.922,-107.336,WILM,Williams Creek,NF,Pagosa Springs,CO
,37.495,-107.224,WILP,Williams Creek - Pagosa Springs,NF,Pagosa Springs,CO
,40.009,-106.217,WILF,Williams Fork Reservoir - SWA,SFW,Parshall,CO
,40.144,-105.951,WILW,Willow Creek,NF,Granby,CO
,39.889,-106.309,WILL,Willows,NF,Silverthorne,CO
,39.7,-106.676,WOLC,Wolcott,BLM,Dotsero,CO
,37.441,-106.887,WOLF,Wolf Creek,NF,Pagosa Springs,CO
,37.885,-108.055,WOOD,Woods Lake,NF,Placerville,CO
,37.973,-107.287,WUPP,Wupperman,CP,Lake City,CO
,38.737,-104.94,WYE,Wye,NF,Colorado Springs,CO
,39.502,-106.678,YEOM,Yeoman Park,NF,Eagle,CO
,37.601,-104.833,YUCC,Yucca - Lathrop State Park,SP,Walsenburg,CO
,22.147,-159.305,ANAH,Anahola Beach Park   -  Kauai, ,Anahola,HI
,22.225,-159.458,ANIN,Anini Beach Park  - Kauai, ,Kilauea,HI
,21.351,-157.707,BELL,Bellows Field Beach Park  - Oahu, ,Waimanalo,HI
,20.811,-156.622,CAMP,Camp Olowalu  - Maui,CP,Lahaina,HI
,22.22,-159.566,HAEN,Haena Beach Park  - Kauai, ,Kilauea,HI
,21.994,-159.342,HANA,Hanamaulu Beach Park  - Kauai,CP,Lihue,HI
,20.753,-156.229,HOLU,Holua Dispersed - Haleakala National Park - Maui,NP,Kula,HI
,19.38,-155.898,HOOK,Hookena Beach Park  - Hawaii,CP,Captain Cook,HI
,20.768,-156.238,HOSM,Hosmer Grove  - Haleakala National Park - Maui,NP,Kula,HI
,19.458,-154.842,ISAA,Isaac Hale Beach Park  - Hawaii,CP,,HI
,21.544,-157.884,KAHA,Kahana Valley State Park - Oahu,SP,Hauula,HI
,20.043,-155.433,KALO,Kalopa State Rec Area - Hawaii,SRA,Honokaa,HI
,20.9,-156.438,KANA,Kanaha Beach Park - Maui,CP,Kahului Airport,HI
,21.397,-157.902,KEAI,Keaiwa Heiau State Rec Area - Oahu,SRA,Aiea,HI
,22.113,-159.562,KOAI,Koaie Primitive - Kokee State Park - Kauai,SP,Kilauea,HI
,22.116,-159.662,KOKE,Kokee Campground  - Kokee State Park - Kauai,SP,Waimea,HI
,19.882,-155.12,KOLE,Kolekole Beach Park  - Hawaii, ,Honomu,HI
,19.992,-155.241,LAUP,Laupahoehoe Beach Park  - Hawaii, ,,HI
,21.953,-159.666,LUCY,Lucy Wright Beach Park  - Kauai, ,Waimea,HI
,19.44,-154.864,MACK,MacKenzie State Rec Area - Hawaii,SRA,,HI
,20.183,-155.9,MAHU,Mahukona Beach Park  - Hawaii,CP,,HI
,21.66,-157.929,MALA,Malaekahana  State Rec Area - Oahu,SRA,Kailua,HI
,19.113,-155.829,MANU,Manuka State Wayside - Hawaii,SP,Captain Cook,HI
,19.425,-155.296,NAMA,Namakani Paio - Hawaii Volcanoes National Park,NP,Volcano,HI
,21.954,-159.364,NIUM,Niumalu Park - Kauai, ,Lihue,HI
,19.736,-155.037,ONEK,Onekahakaha - Hawaii, ,Hilo,HI
,21.173,-157.012,PALA,Palaau State Park - Molokai,SP,Hoolehua,HI
,22.089,-159.753,POLI,Polihale State Park - Kauai,SP,,HI
,20.678,-156.329,POLS,Polipoli Spring State Rec Area - Maui,SRA,Kula,HI
,19.135,-155.505,PUNA,Punaluu Beach Park  - Hawaii,CP,Mountain View,HI
,21.9,-159.608,SALT,Salt Pond Beach  - Kauai, ,Eleele,HI
,21.302,-157.875,SAND,Sand Island State Rec Area - Oahu,SRA,Honolulu,HI
,20.023,-155.822,SPEN,Spencer Beach Park  - Hawaii, ,,HI
,22.13,-159.622,SUGI,Sugi Grove Primitive - Kokee State Park,SP,Hanapepe,HI
,20.787,-156.002,WAIA,Waianapanapa State Park - Maui,SP,H?na,HI
,19.088,-155.549,WHIT,Whittington Beach Park  - Hawaii,CP,Naalehu,HI
,33.418,-108.442,AERO,Aeroplane Mesa,NF,Reserve,NM
,36.135,-105.529,AGUA,Agua Piedra,NF,Penasco,NM
,32.372,-106.56,AGUI,Aguirre Springs,BLM,Las Cruces,NM
,32.873,-105.812,ALAM,Alamo Peak Road,NF,Cloudcroft,NM
,36.56,-107.872,ANGE,Angel Peak,BLM,,NM
,36.107,-105.483,ANGO,Angostura,NF,Dixon,NM
,32.967,-105.729,APAC,Apache,NF,Cloudcroft,NM
,33.832,-108.623,APCC,Apache Creek,NF,Reserve,NM
,34.091,-108.566,ARMI,Armijo Springs,NF,Quemado,NM
,35.794,-105.805,ASPE,Aspen Basin,NF,Santa Fe,NM
,39.788,-111.731,BEAR,Bear Canyon,NF,,NM
,33.397,-108.593,BENL,Ben Lilly,NF,Reserve,NM
,36.676,-105.681,BIGA,Big Arsenic Springs - Wild Rivers Rec Area,BLM,Questa,NM
,33.324,-108.887,BIGH,Big Horn,NF,Glenwood,NM
,35.769,-105.809,BIGT,Big Tesuque,NF,Santa Fe,NM
,35.726,-105.837,BLAC,Black Canyon,NF,Santa Fe,NM
,33.185,-108.033,BLAC,Black Canyon Upper,NF,Mimbres,NM
,35.302,-108.107,BLUE,Bluewater Lake State Park,SP,Prewitt,NM
,35.979,-105.773,BORR,Borrego Mesa,NF,Espanola,NM
,34.763,-106.404,BOSQ,Bosque,NF,Estancia,NM
,33.344,-104.338,BOTT,Bottomless Lakes State Park,SP,Roswell,NM
,32.564,-104.381,BRAN,Brantley Lake State Park,SP,Carlsbad,NM
,36.881,-107.217,BUZZ,Buzzard Park,NF,Gobernador,NM
,32.907,-107.312,CABA,Caballo Lake State Park,SP,Caballo,NM
,36.748,-105.498,CABR,Cabresto Lake,NF,Questa,NM
,35.93,-106.709,CALA,Calaveras, ,Jemez Springs,NM
,35.98,-108.93,CAAS,Camp Asaayi,RES,Navajo,NM
,36.549,-106.344,CANJ,Canjilon Lakes,NF,Cebolla,NM
,34.698,-106.402,CAPI,Capilla,NF,Manzano,NM
,36.37,-105.48,CAPU,Capulin,NF,Taos,NM
,36.64,-105.689,CEBO,Cebolla Mesa,NF,Questa,NM
,32.939,-103.337,CHAP,Chaparral City Park,CP,Lovington,NM
,32.915,-108.225,CHER,Cherry Creek,NF,Silver City,NM
,36.035,-104.156,CHIC,Chicosa Lake State Park,SP,Roy,NM
,36.77,-105.205,CIMA,Cimarron,NF,Costilla,NM
,36.546,-105.134,CIMC,Cimarron Canyon State Park,SP,Eagle Nest,NM
,32.59,-107.976,CITY,City of Rocks State Park,SP,Deming,NM
,36.573,-103.301,CLAY,Clayton Lake State Park,SP,Clayton,NM
,35.997,-106.828,CLEA,Clear Creek,NF,Cuba,NM
,35.233,-107.701,COAL,Coalmine Canyon,NF,Grants,NM
,35.642,-106.333,COCH,Cochiti - Cochiti Lake,COE,Albuquerque,NM
,36.68,-105.514,COLU,Columbine,NF,Questa,NM
,36.161,-105.59,COMA,Comales,NF,Penasco,NM
,35.329,-106.558,CORO,Coronado,CP,Bernalillo,NM
,33.619,-108.893,COTT,Cottonwood,NF,Glenwood,NM
,36.811,-107.677,COTN,Cottonwood - Navajo Lake State Park,SP,Bloomfield,NM
,34.137,-108.491,COVQ,Cove - Quemado Lake,NF,Quemado,NM
,35.671,-105.64,COWC,Cow Creek,NF,Pecos,NM
,35.813,-105.664,COWL,Cowles,NF,Pecos,NM
,36.188,-105.233,COYO,Coyote Creek State Park,SP,Guadalupita,NM
,36.56,-105.533,CHUC,Cuchillo,NF,Taos,NM
,32.294,-104.346,DARK,Dark Canyon Dispersed,BLM,Carlsbad,NM
,34.155,-107.858,DATI,Datil Well,BLM,Datil,NM
,32.944,-105.743,DEER,Deerhead,NF,Cloudcroft,NM
,33.422,-108.498,DIPP,Dipping Vat,NF,Reserve,NM
,36.707,-108.241,DUNE,Dunes OHV Vehicle RA,BLM,Farmington,NM
,36.135,-105.477,DURA,Duran,NF,Penasco,NM
,33.389,-105.753,EAGL,Eagle Creek Lakes,RES,Tularosa,NM
,36.36,-106.526,ECHO,Echo Amphitheater,NF,Abiquiu,NM
,36.666,-105.673,ELAG,El Aguaje - Wild Rivers Rec Area,BLM,Questa,NM
,34.138,-108.471,ELCQ,El Caso - Quemado Lake,NF,Quemado,NM
,35.037,-108.336,ELMO,El Morro National Monument,NM,Ramah,NM
,35.71,-105.412,ELPO,El Porvenir,NF,Las Vegas,NM
,36.402,-106.254,ELRI,El Rito,NF,El Rito,NM
,36.614,-106.738,ELVA,El Vado Lake State Park,SP,Tierra Amarill,NM
,33.181,-107.209,ELEB,Elephant Butte Lake State Park,SP,Truth Or Consequences,NM
,36.708,-105.449,ELEP,Elephant Rock,NF,Red River,NM
,34.124,-106.89,ESCO,Escondida Lake Park,CP,Socorro,NM
,35.698,-105.421,EVLO,EV Long,NF,Las Vegas,NM
,36.706,-105.458,FAWN,Fawn Lakes,NF,Red River,NM
,35.884,-106.728,FENT,Fenton Lake State Park,SP,Jemez Springs,NM
,35.688,-105.695,FIEL,Field Tract,NF,Pecos,NM
,33.184,-108.207,FORK,Forks,NF,Mimbres,NM
,34.793,-106.382,FOUR,Fourth Of July,NF,Tajique,NM
,32.887,-107.844,GALL,Gallinas - Lower,NF,Mimbres,NM
,32.9,-107.823,GALU,Gallinas - Upper,NF,Mimbres,NM
,36.051,-107.86,GALC,Gallo - Chaco Culture National Park,NP,Kimbeto,NM
,35.652,-105.799,GLOR,Glorieta,NF,Gloriete,NM
,36.689,-105.541,GOAT,Goat Hill,NF,Questa,NM
,33.179,-108.206,GRAP,Grapevine,NF,Mimbres,NM
,32.57,-103.969,HACK,Hackberry Lake OHV,BLM,Carlsbad,NM
,32.77,-103.208,HARR,Harry McAdams Park,CP,Hobbs,NM
,33.674,-104.183,HAYS,Haystack Mt OHV Area,BLM,Roswell,NM
,33.818,-108.991,HEAD,Head Of Ditch,NF,Alpine  AZ,NM
,36.694,-106.657,HERO,Heron Lake State Park,SP,Los Ojos,NM
,32.921,-107.57,HILL,Hillsboro City RV Park,CP,Hillsboro,NM
,36.114,-105.639,HODG,Hodges,NF,Vadito,NM
,32.831,-106.073,HOLL,Holloman AFB Military,MIL,Alamogordo,NM
,35.773,-105.701,HOL2,Holy Ghost,NF,Santa Fe,NM
,35.721,-106.922,HOL1,Holy Ghost,RES,,NM
,32.762,-105.625,HOOS,Hoosier Canyon,NF,Mayhill,NM
,36.704,-106.237,HOPE,Hopewell Lake,NF,Tres Piedras,NM
,35.734,-105.836,HYDE,Hyde Memorial State Park,SP,Santa Fe,NM
,35.567,-107.183,IGNA,Ignacio Chavez SMA Dispersed,BLM,San Ysidro,NM
,32.909,-107.804,IROC,Iron Creek,NF,Mimbres,NM
,35.84,-105.62,IROG,Iron Gate,NF,Pecos,NM
,34.942,-106.676,ISLE,Isleta Lake RV,RES,Albequerque,NM
,36.586,-105.496,ITAL,Italianos,NF,Taos,NM
,35.839,-105.655,JACK,Jacks Creek,NF,Pecos,NM
,34.299,-108.134,JACP,Jackson Park - Pie Town,CP,Pie Town,NM
,32.099,-103.19,JALC,Jal City Park,CP,Jal,NM
,32.905,-105.504,JAME,James Canyon,NF,Tularosa,NM
,35.825,-106.608,JEME,Jemez Falls,NF,Jemez Springs,NM
,34.944,-107.821,JOES,Joe Skeen Campground - El Malpais NCA,BLM,Grants,NM
,34.671,-106.468,JOP1,John F Kennedy,NF,Belen,NM
,36.708,-105.436,JUNE,Junebug,NF,Red River,NM
,35.796,-106.279,JUNB,Juniper - Bandelier National Monument,NM,White Rock,NM
,34.136,-108.486,JUNQ,Juniper - Quemado Lake,NF,Quemado,NM
,32.918,-107.701,KING,Kingston,NF,Hillsboro,NM
,35.055,-106.54,KIRT,Kirtland AFB Military,MIL,Albuquerque,NM
,36.657,-105.685,LAJN,La Junta - Wild Rivers Rec Area,BLM,Questa,NM
,36.368,-105.476,LASO,La Sombra,NF,Taos,NM
,36.884,-106.109,LAGL,Laguna Larga,NF,Tres Piedras,NM
,35.815,-106.525,LASC,Las Conchas,NF,Jemez Springs,NM
,36.382,-105.521,LASP,Las Petacas,NF,Taos,NM
,32.489,-106.915,LEAS,Leasburg Dam State Park,SP,Las Cruces,NM
,36.666,-105.68,LITA,Little Arsenic Springs,NF,Questa,NM
,35.202,-107.72,LOBO,Lobo Canyon,NF,Grants,NM
,36.957,-106.176,LOSP,Los Pinos,NF,Tres Piedras,NM
,36.549,-105.548,LOWH,Lower Hondo,NF,Taos,NM
,32.899,-105.813,LOWK,Lower Karr Canyon,NF,Cloudcroft,NM
,36.885,-106.323,LOWL,Lower Lagunitas,NF,Tierra Amarilla,NM
,34.603,-106.361,MANZ,Manzano Mountains State Park,SP,Mountainair,NM
,36.778,-105.118,MCCR,McCrystal,NF,Costilla,NM
,35.371,-108.523,MCGA,McGaffey,NF,Gallup,NM
,32.925,-108.214,MCMI,McMillan,NF,Silver City,NM
,33.034,-108.159,MESA,Mesa,NF,Mimbres,NM
,33.408,-103.87,MESC,Mescalero Sands North Dunes OHV Area,BLM,Roswell,NM
,36.048,-104.377,MILL,Mills Canyon,NF,Mills,NM
,35.339,-103.446,MINU,Mine Canyon - Ute Lake State Park,SP,Logan,NM
,33.432,-105.73,MONJ,Monjeau,NF,Tularosa,NM
,36.668,-105.68,MONT,Montoso - Wild Rivers Rec Area,BLM,Questa,NM
,35.942,-105.398,MORP,Morphy Lake State Park,SP,Mora,NM
,34.671,-106.409,NEWC,New Canyon,NF,Tajique,NM
,32.632,-108.827,NICH,Nichols Canyon  - Gila Lower Box Canyon,BLM,Redrock,NM
,35.356,-103.453,NORU,North  - Ute Lake State Park,SP,Logan,NM
,35.426,-104.186,NORC,North Area - Conchas Lake State Park,SP,Conchas Dam,NM
,35.98,-105.913,NORL,North Lake - Santa Cruz Lake,BLM,Chimayo,NM
,33.396,-105.747,OAKG,Oak Grove,NF,Ruidoso,NM
,34.256,-103.349,OASI,Oasis State Park,SP,Portales,NM
,35.506,-106.838,OJIT,Ojito Wilderness,BLM,San Ysidro,NM
,35.159,-108.109,OJOR,Ojo Redondo,NF,Thoreau,NM
,32.745,-105.915,OLIV,Oliver Lee State Park,SP,Alamogordo,NM
,36.293,-105.779,ORIL,Orilla Verde Rec Area,BLM,Pilar,NM
,35.964,-105.918,OVER,Overlook - Santa Cruz Lake,BLM,Santa Fe,NM
,35.704,-106.626,PALI,Paliza,NF,San Ysidra,NM
,31.825,-107.641,PAVI,Pancho Villa State Park,SP,Columbus,NM
,35.83,-105.664,PACH,Panchuela,NF,Pecos,NM
,32.11,-104.407,PARK,Parks Ranch,BLM,Whites City,NM
,32.869,-107.306,PERC,Percha Dam State Park,SP,Caballo,NM
,36.822,-107.62,PINN,Pine River - Navajo Lake State Park,SP,Navajo Dam,NM
,32.968,-105.737,PINE,Pines,NF,Cloudcroft,NM
,34.139,-108.482,PINQ,Pinon - Quemado Lake,NF,Quemado,NM
,32.813,-105.639,PRES,Prestridge Hill / Hay Canyon,NF,Sacramento,NM
,33.593,-108.961,PUEB,Pueblo Park,NF,Reserve,NM
,35.406,-108.54,QUAK,Quaking Aspen,NF,Wingate,NM
,32.909,-107.817,RAIL,Railroad Canyon,NF,Mimbres,NM
,33.259,-103.313,RAMP,Rampy Park,CP,Tatum,NM
,34.622,-106.411,RECA,Red Canyon,NF,Tajique,NM
,34.21,-105.756,REDC,Red Cloud,NF,Corona,NM
,35.538,-108.606,REDR,Red Rock Park,CP,Gallup,NM
,35.86,-106.624,REDO,Redondo,NF,Jemez Springs,NM
,36.247,-106.427,RIAN,Riana - Abiquiu Reservoir,COE,Abiquiu,NM
,36.355,-106.673,RIOC,Rio Chama,NF,Abiquiu,NM
,35.997,-106.806,RIOD,Rio De Las Vacas,NF,Cuba,NM
,36.101,-106.723,RIOP,Rio Puerco,NF,Coyote,NM
,32.186,-107.613,ROCK,Rockhound State Park,SP,Deming,NM
,35.367,-103.489,ROGE,Rogers - Logan - Windy - Ute Lake State Park,SP,Logan,NM
,32.971,-105.726,SADD,Saddle,NF,Cloudcroft,NM
,35.887,-106.646,SANA,San Antonio-Jemez Springs,NF,Jemez Springs,NM
,36.089,-105.61,SANB,Santa Barbara,NF,Penasco,NM
,35.03,-104.668,SANT,Santa Rosa Lake State Park,SP,Santa Rosa,NM
,33.23,-108.258,SCOR,Scorpion - Gila Cliff Dwelllings,NF,Mimbres,NM
,34.652,-106.741,SENA,Senator Willie Chavez Park,CP,Belen,NM
,35.934,-106.685,SEVE,Seven Springs,NF,Seven Springs,NM
,32.973,-105.725,SILV,Silver,NF,Cloudcroft,NM
,32.976,-105.723,SILO,Silver Overflow,NF,Cloudcroft,NM
,36.83,-107.587,SIMN,Sims Mesa - Navajo Lake State Park,SP,Blanco,NM
,33.42,-105.733,SKYL,Skyline,NF,Ruidoso,NM
,32.944,-105.725,SLEE,Sleepy Grass,NF,Cloudcroft,NM
,35.377,-104.191,SOUC,South Area - Conchas Lake State Park,SP,Conchas Dam,NM
,33.449,-105.753,SOFO,South Fork,NF,,NM
,33.53,-108.587,SONE,South Fork Negrito,NF,Reserve,NM
,35.339,-103.446,SOUU,Southside - Ute Lake State Park,SP,Logan,NM
,33.575,-107.404,SPRT,Springtime,NF,Monticello,NM
,36.729,-106.88,STON,Stone Lake,RES,Dulce,NM
,35.658,-105.232,STOR,Storrie Lake State Park,SP,Las Vegas,NM
,36.938,-104.379,SUGA,Sugarite Canyon State Park,SP,Raton,NM
,34.611,-104.401,SUMN,Sumner Lake State Park,SP,Fort Sumner,NM
,36.334,-105.741,TAOS,Taos Junction,BLM,Carson,NM
,35.742,-105.675,TERE,Tererro - State Fish and Game,SFW,Santa Fe,NM
,35.647,-106.305,TETI,Tetilla Peak - Cochiti Lake,COE,Albuquerque,NM
,32.065,-104.01,PECO,The Pecos River Corridor - Dispersed,BLM,Loving,NM
,33.401,-105.884,THR1,Three Rivers,NF,Tularosa,NM
,33.343,-106.014,THRE,Three Rivers Petroglyph National Rec Site,BLM,Tularosa,NM
,36.609,-106.382,TROU,Trout Lakes,NF,Canjilon,NM
,36.596,-105.451,TWIN,Twining,NF,Taos,NM
,33.027,-108.154,UPPE,Upper End,NF,Mimbres,NM
,32.97,-105.731,UPPF,Upper Fir,NF,Cloudcroft,NM
,32.881,-105.781,UPPK,Upper Karr Canyon,NF,Cloudcroft,NM
,36.148,-105.456,UPLJ,Upper La Junta,NF,Penasco,NM
,36.886,-106.321,UPPL,Upper Lagunitas,NF,,NM
,33.685,-105.92,VALL,Valley of Fires,BLM,Carrizozo,NM
,35.266,-105.355,VILL,Villanueva State Park,SP,Villanueva,NM
,35.717,-106.721,VIST,Vista Linda - Jemez Springs,NF,San Ysidro,NM
,32.377,-106.491,VOLU,Volunteer Park Travel Military,MIL,White Sands,NM
,33.35,-108.082,WALL,Wall Lake,NF,Silver City,NM
,34.024,-107.131,WATE,Water Canyon,NF,Magdalena,NM
,33.456,-105.745,WEST,Westlake,CP,Nogal,NM
,33.401,-108.579,WILL,Willow Creek,NF,Reserve,NM
,33.423,-108.198,WOLF,Wolf Hollow,NF,,NM
,32.913,-107.781,WRIG,Wrights Cabin,NF,Mimbres,NM
,36.133,-114.822,8MIL,8 Mile Rd Boondocking - Lake Mead National Rec Area,NRA,Henderson,NV
,41.029,-115.051,ANGC,Angel Creek,NF,Wells,NV
,41.026,-115.086,ANGL,Angel Lake,NF,Wells,NV
,38.987,-114.24,BAKE,Baker Creek - Great Basin National Park,NP,Baker,NV
,38.655,-116.639,BARL,Barley Creek,NF,Round Mountain,NV
,37.514,-114.081,BEAV,Beaver Dam State Park,SP,Caliente,NV
,38.869,-117.595,BERL,Berlin - Ichthyosaur State Park,SP,Gabbs,NV
,39.349,-114.643,BERR,Berry Creek,NF,Ely,NV
,41.766,-115.7,BIGB,Big Bend,NF,Mountain City,NV
,35.116,-114.64,BICO,Big Bend of the Colorado Rec Area,SP,Laughlin,NV
,39.346,-117.137,BIGC,Big Creek,NF,Austin,NV
,39.463,-114.653,BIRD,Bird Creek Recreation Area,NF,McGill,NV
,39.458,-116.997,BOBS,Bob Scott,NF,Austin,NV
,36.035,-114.799,BOUL,Boulder Beach RV - Lake Mead National Rec Area,NRA,Boulder City,NV
,36.121,-114.783,BOXC,Boxcar Canyon Boondocking - Lake Mead National Rec Area,NRA,Henderson,NV
,36.138,-114.728,CALL,Callville Bay - Lake Mead National Rec Area,NRA,Callville Bay,NV
,37.821,-114.415,CATH,Cathedral Gorge State Park,SP,Panaca,NV
,39.191,-114.694,CAVE,Cave Lake State Park,SP,Ely,NV
,38.155,-115.624,CHER,Cherry Creek,NF,,NV
,39.219,-114.558,CLEV,Cleve Creek,BLM,,NV
,38.9,-117.376,COL1,Columbine,NF,Austin,NV
,35.491,-114.688,COTL,Cottonwood Cove  - Lake Mead National Rec Area,NRA,Cottonwood Cove,NV
,36.127,-114.798,CRAW,Crawdad Cove Boondocking - Lake Mead National Rec Area,NRA,Henderson,NV
,39.305,-119.833,DAVI,Davis Creek,CP,Carson City,NV
,39.252,-119.587,DAYT,Dayton State Park,SP,Dayton,NV
,38.621,-119.34,DESE,Desert Creek,NF,Gardnerville,NV
,36.249,-115.053,DESE,Desert Eagle RV Military - Nellis AFB,MIL,Nellis Afb,NV
,36.308,-115.682,DOLO,Dolomite,NF,Indian Springs,NV
,39.497,-114.639,EAST,East Creek,NF,McGill,NV
,36.309,-114.437,ECHB,Echo Bay - Lake Mead National Rec Area,NRA,Overton,NV
,37.913,-114.269,ECHC,Echo Canyon Reservoir State Park,SP,Pioche,NV
,39.427,-118.721,FALL,Fallon RV Military,MIL,Fallon,NV
,36.263,-115.618,FLET,Fletcher View,NF,Las Vegas,NV
,39.292,-119.272,FORT,Fort Churchill State Park,SP,Silver Springs,NV
,38.328,-115.051,GAPM,Gap Mountain,BLM,,NV
,36.131,-114.837,GOVT,Government Wash Boondocking - Lake Mead National Rec Area,NRA,Henderson,NV
,39.45,-116.751,HICK,Hickison Petroglyth,BLM,Austin,NV
,36.311,-115.607,HILL,Hilltop,NF,Las Vegas,NV
,39.335,-115.388,ILLI,Illipah Reservoir,BLM,Ely,NV
,38.746,-119.784,INDI,Indian Creek,BLM,Woodfords,NV
,41.514,-116.063,JACK,Jack Creek,NF,Mountain City,NV
,41.863,-115.429,JARB,Jarbidge,NF,Jarbidge,NV
,39.567,-114.587,KALA,Kalamazoo,NF,Ely,NV
,37.589,-114.524,KERS,Kershaw - Ryan State Park,SP,Caliente,NV
,39.225,-117.141,KING,Kingston,NF,Austin,NV
,36.263,-115.607,KYLE,Kyle Canyon,NF,Las Vegas,NV
,39.378,-119.201,LAH1,Lahontan Reservoir State Rec Area 1,SRA,Fallon,NV
,39.464,-119.061,LAH2,Lahontan Reservoir State Rec Area 2,SRA,Fallon,NV
,36.128,-114.872,LASV,Las Vegas Bay  - Lake Mead National Rec Area,NRA,Henderson,NV
,39.017,-114.238,LOWE,Lower Lehman  - Great Basin National Park,NP,Baker,NV
,41.686,-117.561,LYEC,Lye Creek,NF,Winnemucca,NV
,36.309,-115.683,MCWI,McWilliams,NF,Indian Springs,NV
,38.008,-114.207,MEAD,Meadow Valley,BLM,Pioche,NV
,40.356,-116.995,MILL,Mill Creek,BLM,Battle Mountai,NV
,39.313,-119.892,MOUN,Mount Rose,NF,Reno,NV
,38.981,-119.953,NEVA,Nevada Beach,NF,Stateline,NV
,36.32,-115.679,OLDM,Old Mill,NF,Las Vegas,NV
,41.69,-118.745,ONIO,Onion Valley Reservoir  - Pine Forest RMA,BLM,,NV
,37.3,-115.121,PAHR,Pahranegat NWR,USFW,Alamo,NV
,38.616,-117.303,PEAV,Peavine,NF,,NV
,41.836,-115.426,PIN2,Pine Creek,NF,Jarbridge,NV
,38.795,-116.85,PIN1,Pine Creek,NF,,NV
,37.937,-114.451,PIOC,Pioche City Park,CP,Pioche,NV
,36.13,-115.384,REDR,Red Rock Canyon,BLM,Las Vegas,NV
,40.254,-115.476,RUBY,Ruby Lake,NF,Ruby Valley,NV
,40.469,-118.311,RYEP,Rye Patch State Park,SP,Lovelock,NV
,39.12,-117.275,SANJ,San Juan Creek,NF,Austin,NV
,39.295,-118.405,SAND,Sand Mountain,BLM,Fallon,NV
,41.885,-115.43,SAWM,Sawmill,NF,Jarbidge,NV
,39.377,-119.189,SILV,Silver Springs Beach - Lahotan State Park,SP,Fallon,NV
,40.664,-115.741,SOUT,South Fork Reservoir,SP,Elko,NV
,40.176,-115.496,SOUR,South Ruby,NF,Elko,NV
,35.195,-114.575,SPOP,Sportsman Paradise,CP,Laughlin,NV
,38.692,-118.769,SPOR,Sportsmans Beach,BLM,Hawthorne,NV
,38.024,-114.203,SPRI,Spring Valley State Park,SP,Pioche,NV
,41.482,-115.149,TABO,Tabor Creek,BLM,Wells,NV
,38.747,-118.763,TAMA,Tamarack,BLM,Hawthorne,NV
,40.65,-115.405,THOM,Thomas Canyon,NF,Spring Creek,NV
,39.401,-114.632,TIMB,Timber Creek,NF,Ely,NV
,38.696,-119.522,TOPA,Topaz Lake,CP,,NV
,39.184,-116.791,TOQU,Toquima Caves,NF,Austin,NV
,39.013,-114.254,UPPE,Upper Lehman  - Great Basin National Park,NP,Baker,NV
,36.43,-114.518,VALL,Valley of Fire State Park,SP,Overton,NV
,41.855,-119.005,VIRG,Virgin Valley Camp,USFW,,NV
,38.691,-118.77,WALK,Walker Lake,BLM,Hawthorne,NV
,39.038,-114.849,WARC,Ward Charcoal Ovens State Park,SP,Ely,NV
,39.212,-114.968,WARM,Ward Mountain,NF,Ely,NV
,39.241,-119.763,WASH,Washoe Lake State Rec Area,SP,Carson City,NV
,40.93,-117.675,WATE,Water Canyon,BLM,Winnemucca,NV
,39.011,-114.303,WHEE,Wheeler Peak - Great Basin National Park,NP,Baker,NV
,38.944,-115.341,WHIT,White River,NF,Ely,NV
,41.724,-115.893,WILC,Wild Horse Crossing,NF,Mountain City,NV
,41.669,-115.801,WIL1,Wild Horse Rec Area 1,SRA,Mountain City,NV
,41.68,-115.808,WIL2,Wild Horse Rec Area 2,RES,,NV
,41.691,-115.82,WIL3,Wild Horse Rec Area 3,BLM,,NV
,41.686,-115.81,WIL4,Wild Horse Rec Area 4,RES,Mountain City,NV
,38.809,-119.221,WILC,Wilson Canyon,BLM,Yerington,NV
,40.46,-115.656,ZUNI,Zunino/Jiggs Reservoir,BLM,Elko,NV
,38.754,-112.364,ADEL,Adelaide,NF,Fillmore,UT
,40.577,-111.612,ALBI,Albion Basin,NF,Salt Lake City,UT
,41.25,-111.787,ANDC,Anderson Cove,NF,Ogden,UT
,38.211,-112.432,ANDM,Anderson Meadow,NF,Beaver,UT
,40.965,-109.551,ANTF,Antelope Flat - Flaming Gorge,NF,Dutch John,UT
,41.058,-112.25,ANTI,Antelope Island State Park,SP,,UT
,40.497,-110.847,ASPE,Aspen,NF,Hanna,UT
,40.12,-111.037,ASPG,Aspen Grove,NF,Hanna,UT
,39.885,-110.776,AVIN,Avintaquin,NF,Duchesne,UT
,37.377,-113.642,BAKD,Baker Dam,BLM,Veyo,UT
,40.198,-111.402,BALS,Balsam,NF,Springville,UT
,37.92,-111.829,BARK,Barker Reservoir Area,NF,Escalante,UT
,39.788,-111.731,BEAC,Bear Canyon,NF,Payson,UT
,39.393,-111.099,BECR,Bear Creek,CP,Huntington Cit,UT
,40.91,-110.83,BEAR,Bear River,NF,Evanston,UT
,40.621,-111.143,BEVC,Beaver Creek,NF,Kamas,UT
,40.823,-110.862,BEVV,Beaver View,NF,Evanston,UT
,38.649,-109.48,BIGB,Big Bend,BLM,Moab,UT
,39.354,-112.255,BIGS,Big Springs,NF,Oak City,UT
,41.506,-111.317,BIRC,Birch Creek,BLM,Woodruff,UT
,39.894,-111.628,BLAC,Blackhawk,NF,Payson,UT
,37.974,-111.651,BLU2,Blue Spruce,NF,Escalante,UT
,41.277,-111.657,BOTT,Botts,NF,Ogden,UT
,40.98,-111.804,BOUN,Bountiful Peak,NF,Farmington,UT
,38.561,-111.71,BOWE,Bowery Creek,NF,Loa,UT
,41.494,-111.952,BOXE,Box Elder,NF,Brigham City,UT
,40.494,-112.579,BOYS,Boy Scout,NF,Salt Lake City,UT
,40.898,-109.183,BRID,Bridge Hollow,BLM,Vernal,UT
,41.748,-111.735,BRIG,Bridger,NF,Logan,UT
,40.966,-110.387,BRIL,Bridger Lake,NF,Mountain View,UT
,40.86,-109.813,BROW,Browne Lake,NF,Flaming Gorge,UT
,37.881,-109.449,BUCK,Buckboard,NF,,UT
,37.067,-112.001,BUCK,Buckskin Gulch - House Rock Valley,BLM,Page,UT
,37.52,-110.721,BULL,Bullfrog  - Glen Canyon National Rec Area,NRA,Lake Powell,UT
,40.721,-110.868,BUTT,Butterfly Lake,NF,Kamas,UT
,37.793,-111.414,CALF,Calf Creek,BLM,Escalante,UT
,40.884,-109.547,CANY,Canyon Rim - Flaming Gorge,NF,Dutch John,UT
,40.082,-111.601,CANY,Canyon View RV Park,CP,Spanish Fork,UT
,40.932,-109.735,CARM,Carmel,NF,Manila,UT
,38.554,-112.355,CAST,Castle Rock,NF,Joseph,UT
,38.476,-111.368,CATH,Cathedral Valley - Capitol Reef National Park,NP,Torrey,UT
,37.591,-112.905,CEDC,Cedar Canyon,NF,Cedar City,UT
,38.007,-111.085,CEDM,Cedar Mesa - Capitol Reef National Park,NP,Torrey,UT
,40.909,-109.45,CEDS,Cedar Springs - Flaming Gorge,NF,Dutch John,UT
,40.169,-111.478,CHER,Cherry,NF,Springville,UT
,39.53,-111.774,CHIC,Chicken Creek,NF,Levan,UT
,40.931,-110.403,CHIN,China Meadows,NF,Mountain View,UT
,40.824,-110.801,CHRI,Christmas Meadows,NF,Evanston,UT
,38.269,-112.311,CITY,City Creek,NF,Beaver,UT
,41.954,-113.322,CLEA,Clear Creek,NF,Malta,UT
,40.346,-112.55,CLOV,Clover Springs,BLM,Dugway,UT
,38.378,-110.9,COAL,Coal Mine Wash,BLM,Hanksville,UT
,40.595,-110.975,COBB,Cobblerest,NF,Kamas,UT
,37.509,-109.654,COMB,Comb Washr - Dispersed,BLM,Blanding,UT
,37.035,-112.734,CORA,Coral Pink Sand Dunes State Park,SP,Kanab,UT
,39.781,-111.723,COTW,Cottonwood,NF,Nephi,UT
,38.562,-109.794,COWB,Cowboy Camp,BLM,Moab,UT
,40.328,-111.07,CURR,Currant Creek,NF,Heber City,UT
,37.874,-109.433,DALT,Dalton Springs,NF,Monticello,UT
,38.486,-109.74,DEAD,Dead Horse Point State Park,SP,Moab,UT
,40.855,-109.73,DEEP,Deep Creek,NF,Manila,UT
,40.411,-111.508,DEEC,Deer Creek State Park,SP,Wallsburg,UT
,37.856,-111.354,DECR,Deer Creek- Burr Trail Rd - Grand Staircase Nat Mon,BLM,Boulder,UT
,40.906,-109.444,DEER,Deer Run - Flaming Gorge,NF,Dutch John,UT
,40.574,-112.383,DESE,Deseret Peak Complex,CP,Tooele,UT
,37.739,-109.406,DEVC,Devils Canyon,NF,Blanding,UT
,38.774,-109.586,DEVG,Devils Garden - Arches National Park,NP,Moab,UT
,38.811,-109.308,DEWE,Dewey Bridge,BLM,Moab,UT
,40.074,-111.423,DIAM,Diamond,NF,Thistle,UT
,37.889,-110.401,DIRT,Dirty Devil - Glen Canyon National Rec Area,NRA,,UT
,38.528,-111.746,DOCT,Doctor Creek,NF,Loa,UT
,38.633,-109.485,DRIN,Drinks Canyon,BLM,Moab,UT
,40.922,-109.356,DRIP,Dripping Springs - Flaming Gorge,NF,Dutch John,UT
,37.521,-112.698,DUCK,Duck Creek,NF,Cedar City,UT
,37.851,-111.375,DURF,Durffey Mesa - Burr Trail Rd - Grand Staircase Nat Mon,BLM,Boulder,UT
,40.925,-111.587,EAST,East Canyon State Park,SP,Morgan,UT
,40.864,-110.772,EASB,East Fork Bear River,NF,Evanston,UT
,40.781,-109.554,EASP,East Park,NF,Vernal,UT
,38.469,-109.598,ECHO,Echo,BLM,Moab,UT
,38.464,-111.456,ELKH,Elkhorn,NF,Loa,UT
,37.38,-113.482,EQUE,Equestrian,NF,Pine Valley,UT
,37.789,-111.633,ESCA,Escalante State Park,SP,Escalante,UT
,37.82,-110.396,FARL,Farley Canyon - Glen Canyon National Rec Area,NRA,,UT
,39.143,-111.455,FERR,Ferron Reservoir,NF,Ferron,UT
,40.894,-109.455,FIRE,Firefighters Memorial - Flaming Gorge,NF,Dutch John,UT
,39.774,-111.203,FISH,Fish Creek,NF,Scofield,UT
,38.725,-109.309,FISH,Fisher Towers,BLM,Moab,UT
,38.18,-112.012,FISH,Fishermans Bench  - Otter Creek Reservoir,BLM,Antimony,UT
,40.234,-112.18,FIVM,Fivemile Pass OHV,BLM,Cedar Valley,UT
,39.646,-111.26,FLAT,Flat Canyon,NF,Fairview,UT
,39.501,-111.159,FORK,Forks of Huntington,NF,Huntington,UT
,41.216,-111.989,FORB,Fort Buenaventura - Weber County Park,CP,Ogden,UT
,38.579,-112.32,FREM,Fremont Indian State Park,SP,Sevier,UT
,41.661,-111.665,FRIE,Friendship,NF,Logan,UT
,38.283,-111.249,FRUI,Fruita - Capitol Reef National Park,NP,Torrey,UT
,38.609,-111.68,FRYI,Frying Pan,NF,Loa,UT
,38.556,-110.708,GOBL,Goblin Valley State Park,SP,Green River,UT
,38.612,-109.557,GOOS,Goose Island,BLM,Moab,UT
,38.803,-111.685,GOO1,Gooseberry,NF,Salina,UT
,39.687,-111.297,GOO2,Gooseberry,NF,Fairview,UT
,39.712,-111.294,GOOR,Gooseberry Reservoir,NF,Fairview,UT
,37.175,-109.927,GOOS,Goosenecks State Park,SP,Blanding,UT
,40.49,-111.655,GRAN,Granite Flat,NF,,UT
,38.61,-109.535,GRAS,Granstaff,BLM,Moab,UT
,40.545,-112.512,GRAV,Grantsville Reservoir,CP,Grantsville,UT
,40.421,-109.243,GRP2,Green River - Dinosaur National Monument,NM,,UT
,38.99,-110.155,GRER,Green River State Park,SP,Green River,UT
,40.883,-109.462,GRED,Greendale - Flaming Gorge,NF,Dutch John,UT
,40.873,-109.537,GREL,Greens Lake - Flaming Gorge,NF,Dutch John,UT
,41.762,-111.701,GUIM,Guinavah - Malibu,NF,Logan,UT
,37.254,-113.784,GUNL,Gunlock State Park,SP,St. George,UT
,40.534,-110.874,HADE,Hades,NF,Hanna,UT
,40.62,-111.421,HAIL,Hailstone - Jordanelle State Park,SP,Heber City,UT
,38.639,-109.48,HALC,Hal Canyon,BLM,Moab,UT
,37.457,-110.717,HALL,Halls Crossing - Glen Canyon National Rec Area,NRA,Halls Crossing,UT
,38.198,-109.671,HAMB,Hamburger Rock,BLM,Moab,UT
,37.605,-111.422,HARR,Harris Wash - Grand Staircase Nat Mon,BLM,Henrieville,UT
,38.382,-109.616,HATC,Hatch Point,BLM,Moab,UT
,40.83,-110.854,HAYD,Hayden Fork,NF,Evanston,UT
,37.598,-111.916,HENR,Henrieville Creek - Grand Staircase Nat Mon,BLM,Henrieville,UT
,41.976,-111.735,HIGH,High Creek,NF,Logan,UT
,41.105,-111.976,HILL,Hill AFB Military,MIL,Layton,UT
,37.876,-110.381,HITE,Hite - Glen Canyon National Rec Area,NRA,,UT
,38.755,-109.335,HITT,Hittle Bottom,BLM,Moab,UT
,41.274,-111.661,HOBB,Hobble,NF,Huntsville,UT
,37.723,-111.527,HOLE,Hole in the Rock - Grand Staircase Nat Mon,BLM,Henrieville,UT
,37.517,-113.856,HONE,Honeycomb Rock,NF,Enterprise,UT
,40.925,-110.126,HOOP,Hoop Lake,NF,Mountain View,UT
,40.302,-111.616,HOPE,Hope,NF,Orem,UT
,37.922,-111.204,HORC,Horse Canyon - Grand Staircase Nat Mon,BLM,Escalante,UT
,38.586,-109.806,HORS,Horsethief,BLM,Moab,UT
,38.51,-109.597,HUNT,Hunters Canyon,BLM,Moab,UT
,39.346,-110.942,HUNT,Huntington State Park,SP,Huntington,UT
,41.628,-111.867,HYRS,Hyrum State Park,SP,Hyrum,UT
,40.898,-109.183,INDC,Indian Crossing,BLM,Vernal,UT
,40.498,-112.571,INTA,Intake,NF,Salt Lake City,UT
,40.554,-110.887,IRON,Iron Mine,NF,Hanna,UT
,38.558,-109.589,JAYC,Jaycee Park,BLM,Moab,UT
,41.25,-111.767,JEFF,Jefferson Hunt,NF,Huntsville,UT
,39.687,-112.368,JERL,Jericho - Little Sahara Rec Area,BLM,Nephi,UT
,39.745,-112.317,JERI,Jericho Wash,BLM,,UT
,39.295,-111.291,JOES,Joes Valley - Seely,NF,Orangeville,UT
,38.481,-109.426,KENS,Kens Lake,BLM,Moab,UT
,38.237,-112.46,KENT,Kents Lake,NF,Beaver,UT
,37.609,-112.257,KINC,King Creek,NF,Panguitch,UT
,38.557,-109.585,KING,Kings Bottom,BLM,Moab,UT
,37.14,-112.092,KITC,Kitchen Corral Wash - Grand Staircase Nat Mon,BLM,Kanab,UT
,40.71,-113.285,KNOL,Knolls Rec Area Dispersed,BLM,Wendover,UT
,37.519,-111.989,KODA,Kodachrome Basin State Park,SP,Cannonville,UT
,38.6,-111.847,KOOS,Koosharem Reservoir Dispersed,BLM,Koosharem,UT
,39.575,-111.253,LAKE,Lake Canyon Rec Area,NF,Fairview,UT
,39.328,-111.498,LAKH,Lake Hill,NF,Ephraim,UT
,37.384,-113.029,LAVA,Lava Point - Zion National Park,NP,Springdale,UT
,38.227,-112.393,LEBA,Lebaron Rec Site,NF,Beaver,UT
,40.742,-111.098,LEDG,Ledgefork,NF,Oakley,UT
,41.885,-111.572,LEWI,Lewis M. Turner,NF,Garden City,UT
,40.681,-110.939,LILL,Lilly Lake,NF,Kamas,UT
,38.401,-113.014,LION,Lions Club Rv Park - Milford,CP,Milford,UT
,38.255,-112.54,LITC,Little Cottonwood,NF,Beaver,UT
,41.678,-111.232,LITT,Little Creek,BLM,Randolph,UT
,40.935,-110.614,LITL,Little Lyman Lake,NF,Mountain View,UT
,40.449,-111.672,LITM,Little Mill,NF,,UT
,38.261,-112.49,LITR,Little Reservoir,NF,Beaver,UT
,37.725,-111.443,LITT,Little Spencer Flat - Grand Staircase Nat Mon,BLM,Escalante,UT
,41.779,-111.621,LODG,Lodge,NF,Logan,UT
,40.31,-111.261,LOD1,Lodgepole,NF,Heber City,UT
,40.812,-109.466,LOD2,Lodgepole,NF,Dutch John,UT
,38.099,-110.78,LONB,Lonesome Beaver,BLM,Hanksville,UT
,40.484,-112.605,LOOP,Loop,NF,Salt Lake City,UT
,40.681,-110.932,LOST,Lost Creek,NF,Kamas,UT
,38.108,-111.275,LOWB,Lower Bowns,NF,Torrey,UT
,41.287,-111.643,LOWM,Lower Meadows,NF,Ogden,UT
,40.492,-112.592,LOWN,Lower Narrows,NF,Dugway,UT
,40.593,-111.116,LOPR,Lower Provo River,NF,Kamas,UT
,40.984,-109.591,LUCE,Lucerne,NF,Manila,UT
,38.556,-111.717,MACK,Mackinaw,NF,Loa,UT
,39.809,-111.146,MADS,Madsen Bay  - Scofield State Park,SP,Huntington,UT
,41.27,-111.666,MAGP,Magpie,NF,Ogden,UT
,38.269,-112.486,MAHO,Mahogany Cove,NF,Beaver,UT
,41.965,-111.4,MAIB,Main - Bear Lake State Park,SP,Garden City,UT
,38.525,-111.738,MALL,Mallard Bay Overflow,NF,Richfield,UT
,40.924,-109.709,MANN,Manns - Flaming Gorge,NF,Manila,UT
,39.254,-111.542,MANT,Manti,NF,Manti,UT
,39.964,-111.692,MAPB,Maple Bench,NF,Payson,UT
,39.557,-111.687,MAPC,Maple Canyon,NF,Moroni,UT
,39.015,-112.09,MAPG,Maple Grove,NF,Scipio,UT
,39.061,-112.172,MAPH,Maple Hollow,NF,,UT
,39.957,-111.693,MAPK,Maple Lake,NF,Payson,UT
,41.228,-111.866,MAPL,Maples,NF,Ogden,UT
,40.952,-110.397,MARS,Marsh Lake,NF,Mountan View,UT
,38.543,-109.303,MASO,Masons Draw,NF,Moab,UT
,38.072,-110.851,MCMI,McMillan Springs,BLM,Hanksville,UT
,37.067,-112.705,MEAC,Meadows - Coral Pink Sand Dunes Dispersed,BLM,Kanab,UT
,40.489,-111.103,MILH,Mill Hollow,NF,Woodland,UT
,39.091,-111.193,MILS,Millsite State Park,SP,Ferron,UT
,40.534,-110.624,MING,Miners Gulch,NF,Duchesne,UT
,38.215,-112.83,MINE,Minersville State Park,SP,Minersville,UT
,40.701,-110.885,MIRR,Mirror Lake,NF,Kamas,UT
,37.003,-110.166,MITT,Mitten View Campground,RES,,UT
,38.339,-111.031,MIXP,Mix Pad Dispersed,BLM,Hanksville,UT
,41.461,-111.497,MONT,Monte Cristo,NF,Woodruff,UT
,40.57,-110.513,MOON,Moon Lake,NF,Duchesne,UT
,38.542,-109.597,MOOF,Moonflower Canyon,BLM,Moab,UT
,40.695,-110.892,MOOS,Moosehorn,NF,Kamas,UT
,39.79,-111.13,MOUV,Mountain View  - Scofield State Park,SP,Huntington,UT
,40.407,-111.603,MOUT,Mt. Timpanogos,NF,Orem,UT
,40.927,-109.44,MUST,Mustang Ridge - Flaming Gorge,NF,Dutch John,UT
,37.609,-109.985,NATU,Natural Bridges,NM,Blanding,UT
,37.521,-112.788,NAVA,Navajo Lake,NF,Cedar City,UT
,37.781,-109.539,NIZH,Nizhoni,NF,Blanding,UT
,37.638,-112.168,NORT,North - Bryce National Park,NP,Bryce Canyon,UT
,39.353,-111.942,NORW,North and West Beaches  - Yuba State Park,SP,Levan,UT
,41.37,-111.907,NORF,North Fork County Park,CP,Eden,UT
,41.417,-112.053,NORW,North Marina - Willard Bay State Park,SP,Willard,UT
,40.329,-111.621,NUNN,Nunns Park,CP,Orem,UT
,39.353,-112.26,OAK1,Oak Creek,NF,Oak City,UT
,38.089,-111.342,OAK2,Oak Creek,NF,Torrey,UT
,37.317,-113.452,OAKG,Oak Grove,NF,Pine Valley,UT
,38.644,-109.476,OAKE,Oak Grove,BLM,Moab,UT
,40.742,-109.624,OAKS,Oaks Park,NF,Vernal,UT
,39.689,-112.351,OASS,Oasis - Little Sahara Rec Area,BLM,Nephi,UT
,39.377,-112.028,OASY,Oasis - Yuba State Park,SP,Levan,UT
,39.539,-111.159,OLDF,Old Folks Flat,NF,Huntington,UT
,38.503,-109.272,OOWA,Oowah,NF,Moab,UT
,38.167,-112.016,OTTE,Otter Creek State Park,SP,Antimony,UT
,39.405,-112.027,PAIR,Painted Rocks - Yuba State Park,SP,Levan,UT
,39.209,-111.669,PALI,Palisade State Park,SP,Sterling,UT
,37.701,-112.655,PANN,Panguitch Lake,NF,Panguitch,UT
,40.666,-109.913,PARA,Paradise,NF,Lapoint,UT
,37.909,-112.984,PARO,Parowan Gap Petroglyphs,BLM,Parowan,UT
,39.93,-111.643,PAYS,Payson Lakes,NF,Payson,UT
,40.203,-109.685,PELI,Pelican Lake,BLM,Vernal,UT
,41.285,-111.649,PERC,Perception Park,NF,Ogden,UT
,37.744,-111.949,PINL,Pine Lake,NF,Bryce Canyon,UT
,37.522,-114.024,PINP,Pine Park,NF,,UT
,37.377,-113.469,PINE,Pine Valley Rec Area,NF,Veyo,UT
,41.628,-111.692,PION,Pioneer,NF,Hyrum,UT
,38.618,-111.653,PIUT,Piute,NF,Loa,UT
,38.32,-112.198,PIUT,Piute State Park,SP,Antimony,UT
,38.102,-111.337,PLEA,Pleasant Creek,NF,Torrey,UT
,37.61,-112.831,POIN,Point Supreme - Cedar Breaks National Monument,NM,Cedar City,UT
,40.679,-110.06,POLE,Pole Creek,NF,Whiterocks,UT
,37.089,-112.673,PONG,Ponderosa Grove - Coral Pink Sand Dunes,BLM,Kanab,UT
,39.766,-111.713,POND,Ponderosa Uinta,NF,Nephi,UT
,37.938,-111.695,POSY,Posy Lake,NF,Escalante,UT
,39.45,-111.268,POTT,Potters Pond,NF,Huntington,UT
,41.774,-111.653,PRES,Preston Valley,NF,Logan,UT
,39.759,-110.917,PRIC,Price Canyon,BLM,Price,UT
,37.187,-113.395,QUAI,Quail Creek State Park,SP,Hurricane,UT
,41.899,-111.564,REDB,Red Banks,NF,Garden City,UT
,37.743,-112.309,RED2,Red Canyon,NF,Panguitch,UT
,40.889,-109.559,RED1,Red Canyon - Flaming Gorge,NF,Dutch John,UT
,37.225,-113.405,REDC,Red Cliffs,BLM,St. George,UT
,40.589,-109.421,REDF,Red Fleet State Park,SP,Vernal,UT
,40.803,-109.707,REDS,Red Springs,NF,Vernal,UT
,40.615,-111.588,REDM,Redman,NF,Murray,UT
,41.846,-111.348,REND,Rendezvous - Bear Lake State Park,SP,Laketown,UT
,40.12,-111.148,RENE,Renegade,NF,Heber City,UT
,40.575,-110.325,RESE,Reservoir,NF,Roosevelt,UT
,40.59,-110.337,RIVE,Riverview,NF,Altonah,UT
,40.269,-111.586,ROKY,Rock Canyon,NF,Heber City,UT
,40.602,-111.34,ROCC,Rock Cliff - Jordanelle State Park,SP,Heber City,UT
,37.497,-111.978,ROCK,Rock Springs Bench - Grand Staircase Nat Mon,BLM,Henrieville,UT
,40.783,-111.394,ROCP,Rockport State Park,SP,Peoa,UT
,39.079,-110.665,SANR,San Rafael Bridge,BLM,Cleveland,UT
,37.3,-113.697,SAND,Sand Cove Reservoir,BLM,Veyo,UT
,38.582,-109.509,SANF,Sand Flats,BLM,Moab,UT
,37.123,-113.385,SANH,Sand Hollow State Park,SP,Hurricane,UT
,37.264,-109.613,SANI,Sand Island,BLM,Bluff,UT
,39.639,-112.389,SAND,Sand Mountain  - Little Sahara Rec Area,BLM,Nephi,UT
,40.141,-111.341,SAWM,Sawmill Hollow,NF,Springville,UT
,40.592,-111.012,SHAD,Shady Dell,NF,Kamas,UT
,39.98,-111.337,SHEE,Sheep Creek,NF,Payson,UT
,40.923,-109.675,SHEB,Sheep Creek Bay - Flaming Gorge,NF,Flaming Gorge,UT
,40.617,-111.134,SHIN,Shingle Creek ATV,NF,Kamas,UT
,40.035,-112.782,SIMP,Simpson Springs,BLM,,UT
,38.161,-111.334,SING,Singletree,NF,Teasdale,UT
,40.865,-109.526,SKUL,Skull Creek - Flaming Gorge,NF,Dutch John,UT
,40.766,-111.106,SMIM,Smith - Morehouse,NF,Oakley,UT
,41.87,-111.753,SMIT,Smithfield,NF,,UT
,37.203,-113.642,SNOW,Snow Canyon State Park,SP,Ivins,UT
,40.579,-111.027,SOAP,Soapstone,NF,Kamas,UT
,40.156,-111.053,SOLD,Soldier Creek,NF,Heber City,UT
,37.204,-112.983,SOUT,South - Zion National Park,NP,Springdale,UT
,41.925,-111.272,SOUE,South Eden - Bear Lake State Park,SP,Garden City,UT
,41.281,-111.654,SOUF,South Fork,NF,Huntsville,UT
,41.353,-112.076,SOUW,South Marina - Willard Bay State Park,SP,Willard,UT
,38.657,-110.661,SOUT,South Temple Wash - dispersed,BLM,Hanksville,UT
,40.024,-111.502,SPAF,Spanish Fork River Park,CP,Spanish Fork,UT
,40.073,-111.601,SPAN,Spanish Oaks Campground,CP,Spanish Fork,UT
,40.837,-110.001,SPIR,Spirit Lake,NF,Manila,UT
,40.442,-109.253,SPLI,Split Mountain - Dinosaur National Monument,NM,Jensen,UT
,39.442,-111.423,SPRI,Spring City,NF,,UT
,41.753,-111.717,SPRH,Spring Hollow,NF,Logan,UT
,37.519,-112.774,SPR1,Spruces,NF,Cedar City,UT
,40.642,-111.636,SPR2,Spruces,NF,Salt Lake City,UT
,37.383,-109.071,SQUA,Square Tower Ruins - Hovenweep National Monument,NM,Bluff,UT
,38.147,-109.801,SQUF,Squaw Flat - Canyonlands National Park,NP,Monticello,UT
,37.507,-110.7,STAN,Stanton Creek - Glen Canyon National Rec Area,NRA,Lake Powell,UT
,37.849,-110.662,STAS,Star Spring,BLM,Hanksville,UT
,40.19,-110.454,STAR,Starvation State Park,SP,Duchesne,UT
,37.001,-112.032,STAL,State Line - House Rock Valley,BLM,Marble Canyon,UT
,40.983,-110.383,STAT,Stateline,NF,Mountain View,UT
,37.87,-111.336,STEE,Steep Creek Bench - Burr Trail Rd - Grand Staircase Nat Mon,BLM,Boulder,UT
,40.514,-109.542,STEI,Steinaker State Park,SP,Vernal,UT
,40.868,-110.835,STIL,Stillwater,NF,Evanston,UT
,40.182,-111.175,STRB,Strawberry Bay - Strawberry Reservoir,COE,Provo,UT
,40.791,-110.884,SULP,Sulphur,NF,Evanston,UT
,38.342,-111.519,SUNG,Sunglow,NF,Bicknell,UT
,41.92,-111.461,SUNR,Sunrise,NF,Garden City,UT
,41.004,-111.84,SUNS,Sunset,NF,Farmington,UT
,37.622,-112.175,SUNB,Sunset - Bryce National Park,NP,Bryce Canyon,UT
,40.6,-110.345,SWIF,Swift Creek,NF,Altonah,UT
,38.365,-110.914,SWIN,Swing Arm City OHV Dispersed,BLM,Hanksville,UT
,40.572,-111.698,TANN,Tanners Flat,NF,Sandy,UT
,40.618,-111.134,TAYL,Taylors Fork ATV,NF,Kamas,UT
,37.534,-112.818,TEAH,Te - Ah,NF,Cedar City,UT
,38.301,-112.414,THRE,Three Creeks Reservoir Dispersed,BLM,Beaver,UT
,40.432,-111.646,TIMP,Timpooneke,NF,,UT
,39.901,-111.729,TINN,Tinney Flat,NF,Santaquin,UT
,41.891,-111.638,TONY,Tony Grove Lake,NF,Logan,UT
,40.682,-110.952,TRIA,Trial Lake,NF,Kamas,UT
,39.123,-111.488,TWEL,Twelve Mile Flat,NF,Mayfield,UT
,40.623,-110.144,UINT,Uinta Canyon,NF,Roosevelt,UT
,40.03,-111.387,UNIC,Unicorn,NF,Spanish Fork,UT
,38.649,-109.489,UPPE,Upper Big Bend,BLM,Moab,UT
,41.291,-111.636,UPPM,Upper Meadows,NF,Ogden,UT
,40.492,-112.594,UPPN,Upper Narrows,NF,Salt Lake City,UT
,39.188,-111.541,UPPS,Upper Six Mile Ponds,NF,Sterling,UT
,40.556,-110.701,UPPW,Upper Stillwater,NF,Mountain Home,UT
,40.237,-111.734,UTAH,Utah Lake State Park,SP,Provo,UT
,37.316,-109.85,VALL,Valley of the Gods Dispersed,BLM,Bluff,UT
,39.988,-112.385,VERN,Vernon Reservoir,NF,Vernon,UT
,40.636,-110.159,WAND,Wandin,NF,Roosevelt,UT
,40.47,-111.653,WARN,Warner,NF,Pleasant Grove,UT
,38.519,-109.276,WARL,Warner Lake,NF,Moab,UT
,40.548,-111.489,WASA,Wasatch Mountain State Park,SP,Park City,UT
,37.166,-113.409,WASH,Washington County Regional Park,CP,Hurricane,UT
,40.679,-110.961,WASH,Washington Lake,NF,Kamas,UT
,37.196,-112.988,WATC,Watchman - Zion National Park,NP,Springdale,UT
,41.295,-111.601,WEBE,Weber Memorial Park,CP,Huntsville,UT
,39.094,-110.76,WEDG,Wedge Overlook,BLM,Cleveland,UT
,37.746,-112.589,WHIB,White Bridge,NF,Panguitch,UT
,37.08,-111.89,WHIH,White House Trailhead - Paria Canyon - Grand Staircase Nat Mon,BLM,Page,UT
,39.74,-112.315,WHIS,White Sands - Little Sahara Rec Area,BLM,Nephi,UT
,40.62,-109.942,WHIR,Whiterocks,NF,Whiterocks,UT
,40.132,-111.528,WHIT,Whiting,NF,Mapleton,UT
,38.536,-109.606,WILL,Williams Bottom,BLM,Moab,UT
,38.383,-109.889,WILF,Willow Flat - Island in the Sky - Canyonlands National Park,NP,Moab,UT
,39.162,-111.613,WILK,Willow Lake,NF,Manti,UT
,40.391,-111.901,WILP,Willow Park - Lehi,CP,Lehi,UT
,38.696,-109.673,WILL,Willow Springs Trail Dispersed,BLM,Moab,UT
,40.923,-109.713,WIL1,Willows,NF,Manila,UT
,41.292,-111.633,WIL2,Willows,NF,Ogden,UT
,38.176,-109.462,WIND,Windwhistle,BLM,Moab,UT
,41.797,-111.644,WOOD,Wood Camp,NF,Logan,UT
,40.536,-110.637,YEP1,Yellow Pine,NF,Mountain Home,UT
,40.631,-111.173,YEP2,Yellow Pine,NF,Kamas,UT
,40.542,-110.337,YELL,Yellowstone,NF,Mountain Home,UT
,40.546,-110.333,YELB,Yellowstone Bridge,NF,Altonah,UT