state,season
Alabama,Summer
Alabama,Winter
Alabama,Winter
Alabama,Winter
Alabama,Summer
Alabama,Summer
Alabama,Summer
Alabama,Fall
Alabama,Summer
Alabama,Summer
Alabama,Summer
Alabama,Summer
Alabama,Summer
Alabama,Spring
Alabama,Spring
Alabama,Spring
Alabama,Fall
Alabama,Spring
Alabama,Winter
Alabama,Spring
Alabama,Fall
Alabama,Winter
Alabama,Fall
Alabama,Spring
Alabama,Fall
Alabama,Summer
Alabama,Winter
Alabama,Summer
Alabama,Summer
Alabama,Winter
Alabama,Winter
Alabama,Spring
Alabama,Spring
Alabama,Spring
Alabama,Spring
Alabama,Summer
Alabama,Fall
Alabama,Spring
Alabama,Winter
Alabama,Winter
Alabama,Summer
Alabama,Fall
Alabama,Summer
Alabama,Summer
Alabama,Winter
Alabama,Fall
Alabama,Fall
Alabama,Summer
Alabama,Winter
Alabama,Summer
Alabama,Winter
Alabama,Summer
Alabama,Winter
Alabama,Summer
Alabama,Winter
Alabama,Fall
Alabama,Fall
Alabama,Spring
Alabama,Winter
Alabama,Fall
Alabama,Fall
Alabama,Winter
Alabama,Fall
Alabama,Winter
Alabama,Winter
Alabama,Summer
Alabama,Spring
Alabama,Fall
Alabama,Fall
Alabama,Fall
Alabama,Summer
Alabama,Fall
Alabama,Summer
Alabama,Winter
Alabama,Fall
Alabama,Winter
Alabama,Summer
Alabama,Spring
Alabama,Summer
Alabama,Spring
Alabama,Summer
Alabama,Winter
Alabama,Winter
Alabama,Summer
Alabama,Summer
Alabama,Summer
Alabama,Summer
Alabama,Winter
Alabama,Summer
Alabama,Unknown
Alabama,Fall
Alabama,Fall
Alabama,Summer
Alabama,Fall
Alaska,Fall
Alaska,Summer
Alaska,Spring
Alaska,Fall
Alaska,Fall
Alaska,Fall
Alaska,Summer
Alaska,Summer
Alaska,Winter
Alaska,Winter
Alaska,Fall
Alaska,Summer
Alaska,Fall
Alaska,Spring
Alaska,Summer
Alaska,Fall
Alaska,Spring
Alaska,Winter
Alaska,Spring
Alaska,Fall
Arizona,Summer
Arizona,Summer
Arizona,Fall
Arizona,Summer
Arizona,Winter
Arizona,Fall
Arizona,Winter
Arizona,Summer
Arizona,Fall
Arizona,Fall
Arizona,Summer
Arizona,Unknown
Arizona,Summer
Arizona,Unknown
Arizona,Unknown
Arizona,Winter
Arizona,Winter
Arizona,Fall
Arizona,Summer
Arizona,Summer
Arizona,Winter
Arizona,Summer
Arizona,Fall
Arizona,Fall
Arizona,Winter
Arizona,Summer
Arizona,Summer
Arizona,Summer
Arizona,Summer
Arizona,Summer
Arizona,Fall
Arizona,Summer
Arizona,Fall
Arizona,Winter
Arizona,Summer
Arizona,Winter
Arizona,Fall
Arizona,Fall
Arizona,Fall
Arizona,Spring
Arizona,Summer
Arizona,Fall
Arizona,Spring
Arizona,Summer
Arizona,Summer
Arizona,Summer
Arizona,Fall
Arizona,Summer
Arizona,Summer
Arizona,Summer
Arizona,Summer
Arizona,Summer
Arizona,Fall
Arizona,Winter
Arizona,Summer
Arizona,Summer
Arizona,Summer
Arizona,Fall
Arizona,Summer
Arizona,Summer
Arizona,Summer
Arizona,Summer
Arizona,Fall
Arizona,Winter
Arizona,Summer
Arizona,Summer
Arizona,Winter
Arizona,Summer
Arizona,Summer
Arizona,Fall
Arizona,Winter
Arizona,Fall
Arizona,Spring
Arizona,Summer
Arizona,Fall
Arizona,Summer
Arizona,Summer
Arizona,Winter
Arizona,Spring
Arizona,Summer
Arizona,Summer
Arizona,Winter
Arizona,Spring
Arizona,Spring
Arizona,Spring
Arkansas,Fall
Arkansas,Summer
Arkansas,Spring
Arkansas,Fall
Arkansas,Summer
Arkansas,Summer
Arkansas,Fall
Arkansas,Fall
Arkansas,Fall
Arkansas,Spring
Arkansas,Fall
Arkansas,Summer
Arkansas,Fall
Arkansas,Summer
Arkansas,Summer
Arkansas,Spring
Arkansas,Summer
Arkansas,Summer
Arkansas,Unknown
Arkansas,Summer
Arkansas,Winter
Arkansas,Winter
Arkansas,Fall
Arkansas,Winter
Arkansas,Winter
Arkansas,Winter
Arkansas,Summer
Arkansas,Fall
Arkansas,Winter
Arkansas,Summer
Arkansas,Summer
Arkansas,Fall
Arkansas,Fall
Arkansas,Fall
Arkansas,Winter
Arkansas,Winter
Arkansas,Fall
Arkansas,Fall
Arkansas,Fall
Arkansas,Fall
Arkansas,Spring
Arkansas,Fall
Arkansas,Spring
Arkansas,Spring
Arkansas,Summer
Arkansas,Winter
Arkansas,Unknown
Arkansas,Fall
Arkansas,Spring
Arkansas,Fall
Arkansas,Fall
Arkansas,Winter
Arkansas,Fall
Arkansas,Spring
Arkansas,Summer
Arkansas,Fall
Arkansas,Summer
Arkansas,Fall
Arkansas,Fall
Arkansas,Summer
Arkansas,Spring
Arkansas,Summer
Arkansas,Spring
Arkansas,Spring
Arkansas,Winter
Arkansas,Summer
Arkansas,Summer
Arkansas,Fall
Arkansas,Winter
Arkansas,Summer
Arkansas,Spring
Arkansas,Winter
Arkansas,Winter
Arkansas,Fall
Arkansas,Winter
Arkansas,Fall
Arkansas,Winter
Arkansas,Spring
Arkansas,Winter
Arkansas,Fall
Arkansas,Summer
Arkansas,Summer
Arkansas,Summer
Arkansas,Summer
Arkansas,Summer
Arkansas,Spring
Arkansas,Summer
Arkansas,Summer
Arkansas,Fall
Arkansas,Fall
Arkansas,Summer
Arkansas,Spring
Arkansas,Summer
Arkansas,Winter
Arkansas,Winter
Arkansas,Spring
Arkansas,Fall
Arkansas,Spring
Arkansas,Summer
Arkansas,Summer
Arkansas,Summer
California,Fall
California,Summer
California,Fall
California,Fall
California,Summer
California,Fall
California,Spring
California,Summer
California,Spring
California,Summer
California,Summer
California,Spring
California,Summer
California,Spring
California,Fall
California,Summer
California,Spring
California,Summer
California,Fall
California,Summer
California,Spring
California,Summer
California,Summer
California,Summer
California,Summer
California,Summer
California,Summer
California,Fall
California,Summer
California,Winter
California,Spring
California,Summer
California,Summer
California,Summer
California,Summer
California,Fall
California,Fall
California,Spring
California,Fall
California,Spring
California,Spring
California,Spring
California,Fall
California,Summer
California,Summer
California,Summer
California,Fall
California,Fall
California,Summer
California,Summer
California,Summer
California,Unknown
California,Fall
California,Fall
California,Summer
California,Fall
California,Winter
California,Summer
California,Summer
California,Spring
California,Winter
California,Summer
California,Summer
California,Winter
California,Summer
California,Summer
California,Spring
California,Summer
California,Summer
California,Summer
California,Fall
California,Spring
California,Summer
California,Summer
California,Spring
California,Summer
California,Winter
California,Summer
California,Summer
California,Summer
California,Summer
California,Summer
California,Spring
California,Summer
California,Summer
California,Summer
California,Winter
California,Fall
California,Fall
California,Summer
California,Summer
California,Spring
California,Summer
California,Summer
California,Summer
California,Spring
California,Spring
California,Spring
California,Winter
California,Summer
California,Summer
California,Fall
California,Summer
California,Summer
California,Winter
California,Summer
California,Summer
California,Summer
California,Winter
California,Summer
California,Summer
California,Summer
California,Fall
California,Fall
California,Summer
California,Summer
California,Spring
California,Spring
California,Summer
California,Fall
California,Summer
California,Fall
California,Fall
California,Fall
California,Winter
California,Summer
California,Summer
California,Fall
California,Fall
California,Spring
California,Fall
California,Summer
California,Summer
California,Spring
California,Spring
California,Summer
California,Summer
California,Summer
California,Spring
California,Summer
California,Summer
California,Summer
California,Summer
California,Fall
California,Summer
California,Winter
California,Winter
California,Winter
California,Summer
California,Winter
California,Fall
California,Winter
California,Summer
California,Summer
California,Fall
California,Spring
California,Summer
California,Fall
California,Summer
California,Summer
California,Winter
California,Summer
California,Summer
California,Winter
California,Summer
California,Summer
California,Spring
California,Spring
California,Spring
California,Fall
California,Fall
California,Summer
California,Fall
California,Winter
California,Summer
California,Fall
California,Fall
California,Spring
California,Summer
California,Summer
California,Summer
California,Fall
California,Summer
California,Spring
California,Fall
California,Summer
California,Spring
California,Fall
California,Summer
California,Summer
California,Spring
California,Fall
California,Summer
California,Summer
California,Winter
California,Summer
California,Winter
California,Summer
California,Spring
California,Summer
California,Unknown
California,Summer
California,Fall
California,Summer
California,Summer
California,Fall
California,Fall
California,Summer
California,Spring
California,Summer
California,Summer
California,Spring
California,Summer
California,Fall
California,Spring
California,Winter
California,Summer
California,Summer
California,Spring
California,Summer
California,Summer
California,Summer
California,Spring
California,Fall
California,Summer
California,Spring
California,Summer
California,Summer
California,Fall
California,Summer
California,Spring
California,Spring
California,Summer
California,Summer
California,Summer
California,Fall
California,Summer
California,Fall
California,Winter
California,Spring
California,Summer
California,Spring
California,Summer
California,Winter
California,Fall
California,Fall
California,Summer
California,Fall
California,Fall
California,Summer
California,Winter
California,Fall
California,Fall
California,Fall
California,Spring
California,Winter
California,Unknown
California,Spring
California,Fall
California,Summer
California,Fall
California,Fall
California,Fall
California,Spring
California,Summer
California,Unknown
California,Winter
California,Spring
California,Summer
California,Summer
California,Summer
California,Summer
California,Unknown
California,Summer
California,Summer
California,Summer
California,Summer
California,Winter
California,Spring
California,Fall
California,Winter
California,Summer
California,Winter
California,Spring
California,Summer
California,Summer
California,Spring
California,Spring
California,Summer
California,Spring
California,Summer
California,Summer
California,Summer
California,Spring
California,Fall
California,Fall
California,Summer
California,Fall
California,Summer
California,Summer
California,Spring
California,Winter
California,Spring
California,Summer
California,Summer
California,Fall
California,Fall
California,Summer
California,Winter
California,Winter
California,Summer
California,Summer
California,Fall
California,Summer
California,Summer
California,Fall
California,Fall
California,Unknown
California,Summer
California,Fall
California,Summer
California,Summer
California,Spring
California,Fall
California,Fall
California,Spring
California,Fall
California,Spring
California,Fall
California,Winter
California,Spring
California,Fall
California,Summer
California,Spring
California,Fall
California,Summer
California,Fall
California,Fall
California,Fall
California,Spring
California,Fall
California,Summer
California,Summer
California,Summer
California,Summer
California,Summer
California,Winter
California,Summer
California,Fall
California,Summer
California,Summer
California,Summer
California,Fall
California,Fall
California,Spring
California,Winter
California,Fall
California,Fall
California,Fall
California,Winter
California,Summer
California,Summer
California,Summer
California,Summer
California,Fall
California,Spring
California,Summer
California,Winter
California,Summer
California,Winter
California,Fall
California,Fall
California,Fall
California,Summer
California,Fall
California,Winter
California,Winter
California,Summer
California,Spring
California,Spring
California,Summer
California,Summer
California,Summer
California,Summer
California,Summer
California,Fall
California,Summer
California,Fall
California,Summer
California,Summer
California,Fall
California,Summer
California,Winter
California,Spring
California,Summer
California,Summer
California,Summer
California,Summer
California,Summer
California,Summer
California,Summer
California,Fall
California,Summer
California,Summer
California,Summer
California,Winter
California,Fall
California,Fall
California,Winter
California,Summer
California,Fall
California,Fall
California,Fall
California,Summer
California,Summer
California,Fall
California,Summer
Colorado,Fall
Colorado,Summer
Colorado,Spring
Colorado,Fall
Colorado,Fall
Colorado,Winter
Colorado,Spring
Colorado,Summer
Colorado,Fall
Colorado,Summer
Colorado,Spring
Colorado,Fall
Colorado,Summer
Colorado,Winter
Colorado,Summer
Colorado,Spring
Colorado,Spring
Colorado,Fall
Colorado,Summer
Colorado,Summer
Colorado,Spring
Colorado,Fall
Colorado,Fall
Colorado,Fall
Colorado,Fall
Colorado,Winter
Colorado,Fall
Colorado,Summer
Colorado,Summer
Colorado,Summer
Colorado,Fall
Colorado,Summer
Colorado,Summer
Colorado,Fall
Colorado,Unknown
Colorado,Fall
Colorado,Fall
Colorado,Fall
Colorado,Winter
Colorado,Summer
Colorado,Summer
Colorado,Summer
Colorado,Summer
Colorado,Summer
Colorado,Summer
Colorado,Fall
Colorado,Spring
Colorado,Summer
Colorado,Summer
Colorado,Fall
Colorado,Summer
Colorado,Unknown
Colorado,Spring
Colorado,Summer
Colorado,Fall
Colorado,Winter
Colorado,Spring
Colorado,Summer
Colorado,Fall
Colorado,Spring
Colorado,Summer
Colorado,Winter
Colorado,Summer
Colorado,Fall
Colorado,Winter
Colorado,Summer
Colorado,Fall
Colorado,Spring
Colorado,Spring
Colorado,Summer
Colorado,Fall
Colorado,Summer
Colorado,Summer
Colorado,Spring
Colorado,Summer
Colorado,Summer
Colorado,Fall
Colorado,Winter
Colorado,Fall
Colorado,Fall
Colorado,Spring
Colorado,Summer
Colorado,Summer
Colorado,Spring
Colorado,Summer
Colorado,Fall
Colorado,Summer
Colorado,Winter
Colorado,Fall
Colorado,Winter
Colorado,Summer
Colorado,Winter
Colorado,Spring
Colorado,Summer
Colorado,Fall
Colorado,Fall
Colorado,Fall
Colorado,Fall
Colorado,Fall
Colorado,Spring
Colorado,Fall
Colorado,Summer
Colorado,Unknown
Colorado,Summer
Colorado,Summer
Colorado,Fall
Colorado,Summer
Colorado,Winter
Colorado,Summer
Colorado,Winter
Colorado,Spring
Colorado,Fall
Colorado,Fall
Colorado,Fall
Colorado,Spring
Colorado,Unknown
Colorado,Summer
Colorado,Summer
Colorado,Spring
Colorado,Fall
Colorado,Fall
Colorado,Summer
Colorado,Spring
Colorado,Fall
Colorado,Fall
Colorado,Fall
Colorado,Fall
Connecticut,Winter
Connecticut,Summer
Connecticut,Summer
Connecticut,Winter
Connecticut,Summer
Connecticut,Spring
Connecticut,Fall
Connecticut,Fall
Connecticut,Summer
Connecticut,Summer
Connecticut,Summer
Connecticut,Winter
Connecticut,Summer
Connecticut,Fall
Connecticut,Summer
Connecticut,Fall
Connecticut,Summer
Connecticut,Fall
Delaware,Winter
Delaware,Summer
Delaware,Winter
Delaware,Summer
Delaware,Fall
Florida,Winter
Florida,Fall
Florida,Summer
Florida,Winter
Florida,Winter
Florida,Winter
Florida,Summer
Florida,Summer
Florida,Fall
Florida,Summer
Florida,Winter
Florida,Summer
Florida,Fall
Florida,Unknown
Florida,Winter
Florida,Spring
Florida,Summer
Florida,Winter
Florida,Spring
Florida,Fall
Florida,Fall
Florida,Fall
Florida,Fall
Florida,Spring
Florida,Winter
Florida,Winter
Florida,Spring
Florida,Spring
Florida,Summer
Florida,Unknown
Florida,Winter
Florida,Winter
Florida,Summer
Florida,Summer
Florida,Summer
Florida,Summer
Florida,Summer
Florida,Summer
Florida,Fall
Florida,Winter
Florida,Winter
Florida,Winter
Florida,Summer
Florida,Fall
Florida,Winter
Florida,Summer
Florida,Fall
Florida,Spring
Florida,Fall
Florida,Winter
Florida,Fall
Florida,Winter
Florida,Spring
Florida,Summer
Florida,Spring
Florida,Spring
Florida,Summer
Florida,Summer
Florida,Fall
Florida,Summer
Florida,Spring
Florida,Summer
Florida,Fall
Florida,Summer
Florida,Summer
Florida,Summer
Florida,Winter
Florida,Fall
Florida,Spring
Florida,Fall
Florida,Summer
Florida,Summer
Florida,Winter
Florida,Summer
Florida,Winter
Florida,Summer
Florida,Winter
Florida,Fall
Florida,Spring
Florida,Summer
Florida,Fall
Florida,Fall
Florida,Winter
Florida,Summer
Florida,Summer
Florida,Fall
Florida,Winter
Florida,Winter
Florida,Winter
Florida,Spring
Florida,Spring
Florida,Fall
Florida,Summer
Florida,Spring
Florida,Spring
Florida,Fall
Florida,Fall
Florida,Spring
Florida,Summer
Florida,Winter
Florida,Winter
Florida,Summer
Florida,Fall
Florida,Winter
Florida,Summer
Florida,Fall
Florida,Fall
Florida,Fall
Florida,Winter
Florida,Winter
Florida,Winter
Florida,Winter
Florida,Summer
Florida,Winter
Florida,Summer
Florida,Fall
Florida,Spring
Florida,Spring
Florida,Summer
Florida,Unknown
Florida,Fall
Florida,Winter
Florida,Summer
Florida,Summer
Florida,Winter
Florida,Spring
Florida,Fall
Florida,Winter
Florida,Spring
Florida,Spring
Florida,Spring
Florida,Summer
Florida,Spring
Florida,Summer
Florida,Winter
Florida,Summer
Florida,Fall
Florida,Fall
Florida,Summer
Florida,Summer
Florida,Summer
Florida,Spring
Florida,Spring
Florida,Fall
Florida,Fall
Florida,Summer
Florida,Fall
Florida,Winter
Florida,Summer
Florida,Summer
Florida,Fall
Florida,Fall
Florida,Winter
Florida,Fall
Florida,Spring
Florida,Fall
Florida,Winter
Florida,Winter
Florida,Summer
Florida,Summer
Florida,Winter
Florida,Fall
Florida,Summer
Florida,Spring
Florida,Summer
Florida,Winter
Florida,Winter
Florida,Spring
Florida,Fall
Florida,Summer
Florida,Winter
Florida,Spring
Florida,Fall
Florida,Fall
Florida,Winter
Florida,Fall
Florida,Fall
Florida,Summer
Florida,Summer
Florida,Fall
Florida,Summer
Florida,Winter
Florida,Spring
Florida,Spring
Florida,Spring
Florida,Winter
Florida,Fall
Florida,Fall
Florida,Winter
Florida,Spring
Florida,Summer
Florida,Winter
Florida,Winter
Florida,Winter
Florida,Summer
Florida,Unknown
Florida,Winter
Florida,Unknown
Florida,Winter
Florida,Fall
Florida,Winter
Florida,Summer
Florida,Spring
Florida,Fall
Florida,Winter
Florida,Fall
Florida,Unknown
Florida,Spring
Florida,Summer
Florida,Winter
Florida,Fall
Florida,Spring
Florida,Spring
Florida,Winter
Florida,Summer
Florida,Fall
Florida,Fall
Florida,Spring
Florida,Spring
Florida,Summer
Florida,Fall
Florida,Summer
Florida,Spring
Florida,Summer
Florida,Summer
Florida,Fall
Florida,Winter
Florida,Fall
Florida,Winter
Florida,Winter
Florida,Winter
Florida,Fall
Florida,Summer
Florida,Winter
Florida,Summer
Florida,Winter
Florida,Summer
Florida,Summer
Florida,Spring
Florida,Winter
Florida,Spring
Florida,Spring
Florida,Summer
Florida,Fall
Florida,Summer
Florida,Fall
Florida,Fall
Florida,Summer
Florida,Summer
Florida,Spring
Florida,Spring
Florida,Winter
Florida,Spring
Florida,Spring
Florida,Fall
Florida,Fall
Florida,Spring
Florida,Unknown
Florida,Summer
Florida,Spring
Florida,Summer
Florida,Summer
Florida,Fall
Florida,Winter
Florida,Fall
Florida,Fall
Florida,Winter
Florida,Winter
Florida,Fall
Florida,Winter
Florida,Summer
Florida,Spring
Florida,Winter
Florida,Spring
Florida,Spring
Florida,Fall
Florida,Fall
Florida,Summer
Florida,Fall
Florida,Spring
Florida,Unknown
Florida,Unknown
Florida,Fall
Florida,Summer
Florida,Fall
Florida,Spring
Florida,Spring
Florida,Fall
Florida,Summer
Florida,Summer
Florida,Fall
Florida,Summer
Florida,Summer
Florida,Summer
Florida,Winter
Florida,Spring
Florida,Summer
Florida,Winter
Florida,Summer
Florida,Fall
Florida,Summer
Florida,Summer
Georgia,Summer
Georgia,Winter
Georgia,Fall
Georgia,Summer
Georgia,Spring
Georgia,Fall
Georgia,Unknown
Georgia,Unknown
Georgia,Summer
Georgia,Summer
Georgia,Winter
Georgia,Spring
Georgia,Summer
Georgia,Summer
Georgia,Fall
Georgia,Winter
Georgia,Fall
Georgia,Summer
Georgia,Fall
Georgia,Spring
Georgia,Fall
Georgia,Spring
Georgia,Fall
Georgia,Winter
Georgia,Fall
Georgia,Spring
Georgia,Winter
Georgia,Winter
Georgia,Fall
Georgia,Spring
Georgia,Fall
Georgia,Winter
Georgia,Spring
Georgia,Fall
Georgia,Summer
Georgia,Fall
Georgia,Fall
Georgia,Fall
Georgia,Summer
Georgia,Summer
Georgia,Winter
Georgia,Winter
Georgia,Summer
Georgia,Summer
Georgia,Fall
Georgia,Spring
Georgia,Winter
Georgia,Spring
Georgia,Winter
Georgia,Summer
Georgia,Summer
Georgia,Summer
Georgia,Winter
Georgia,Summer
Georgia,Fall
Georgia,Summer
Georgia,Winter
Georgia,Summer
Georgia,Summer
Georgia,Spring
Georgia,Winter
Georgia,Fall
Georgia,Summer
Georgia,Winter
Georgia,Summer
Georgia,Summer
Georgia,Winter
Georgia,Summer
Georgia,Winter
Georgia,Spring
Georgia,Summer
Georgia,Winter
Georgia,Fall
Georgia,Summer
Georgia,Summer
Georgia,Winter
Georgia,Summer
Georgia,Spring
Georgia,Summer
Georgia,Summer
Georgia,Fall
Georgia,Spring
Georgia,Fall
Georgia,Summer
Georgia,Fall
Georgia,Fall
Georgia,Fall
Georgia,Summer
Georgia,Summer
Georgia,Spring
Georgia,Winter
Georgia,Winter
Georgia,Summer
Georgia,Spring
Georgia,Summer
Georgia,Summer
Georgia,Fall
Georgia,Summer
Georgia,Summer
Georgia,Spring
Georgia,Fall
Georgia,Summer
Georgia,Fall
Georgia,Summer
Georgia,Winter
Georgia,Summer
Georgia,Fall
Georgia,Winter
Georgia,Winter
Georgia,Fall
Georgia,Winter
Georgia,Summer
Georgia,Fall
Georgia,Fall
Georgia,Summer
Georgia,Fall
Georgia,Spring
Georgia,Summer
Georgia,Fall
Georgia,Fall
Georgia,Spring
Georgia,Fall
Georgia,Fall
Georgia,Summer
Georgia,Summer
Georgia,Winter
Idaho,Summer
Idaho,Fall
Idaho,Winter
Idaho,Fall
Idaho,Fall
Idaho,Summer
Idaho,Fall
Idaho,Fall
Idaho,Fall
Idaho,Summer
Idaho,Summer
Idaho,Summer
Idaho,Fall
Idaho,Summer
Idaho,Spring
Idaho,Summer
Idaho,Fall
Idaho,Unknown
Idaho,Winter
Idaho,Fall
Idaho,Fall
Idaho,Fall
Idaho,Summer
Idaho,Fall
Idaho,Summer
Idaho,Summer
Idaho,Fall
Idaho,Summer
Idaho,Fall
Idaho,Fall
Idaho,Spring
Idaho,Summer
Idaho,Summer
Idaho,Spring
Idaho,Summer
Idaho,Winter
Idaho,Fall
Idaho,Summer
Idaho,Spring
Idaho,Summer
Idaho,Fall
Idaho,Summer
Idaho,Summer
Idaho,Spring
Idaho,Summer
Idaho,Winter
Idaho,Summer
Idaho,Summer
Idaho,Summer
Idaho,Summer
Idaho,Fall
Idaho,Fall
Idaho,Fall
Idaho,Summer
Idaho,Fall
Idaho,Winter
Idaho,Fall
Idaho,Summer
Idaho,Summer
Idaho,Fall
Idaho,Fall
Idaho,Summer
Idaho,Spring
Idaho,Fall
Idaho,Fall
Idaho,Fall
Idaho,Fall
Idaho,Summer
Idaho,Summer
Idaho,Summer
Idaho,Fall
Idaho,Fall
Idaho,Fall
Idaho,Summer
Idaho,Fall
Idaho,Spring
Idaho,Winter
Idaho,Summer
Idaho,Winter
Idaho,Fall
Idaho,Fall
Idaho,Fall
Idaho,Winter
Idaho,Summer
Idaho,Summer
Idaho,Fall
Idaho,Fall
Idaho,Spring
Idaho,Summer
Idaho,Summer
Idaho,Summer
Idaho,Summer
Idaho,Fall
Idaho,Fall
Idaho,Summer
Idaho,Fall
Illinois,Fall
Illinois,Fall
Illinois,Fall
Illinois,Fall
Illinois,Summer
Illinois,Winter
Illinois,Summer
Illinois,Winter
Illinois,Fall
Illinois,Spring
Illinois,Summer
Illinois,Fall
Illinois,Fall
Illinois,Fall
Illinois,Fall
Illinois,Winter
Illinois,Summer
Illinois,Summer
Illinois,Fall
Illinois,Fall
Illinois,Summer
Illinois,Winter
Illinois,Fall
Illinois,Summer
Illinois,Winter
Illinois,Summer
Illinois,Spring
Illinois,Spring
Illinois,Summer
Illinois,Summer
Illinois,Summer
Illinois,Fall
Illinois,Fall
Illinois,Fall
Illinois,Summer
Illinois,Winter
Illinois,Fall
Illinois,Summer
Illinois,Spring
Illinois,Winter
Illinois,Fall
Illinois,Winter
Illinois,Winter
Illinois,Fall
Illinois,Fall
Illinois,Fall
Illinois,Fall
Illinois,Summer
Illinois,Summer
Illinois,Fall
Illinois,Fall
Illinois,Spring
Illinois,Spring
Illinois,Summer
Illinois,Winter
Illinois,Fall
Illinois,Fall
Illinois,Fall
Illinois,Fall
Illinois,Unknown
Illinois,Winter
Illinois,Fall
Illinois,Fall
Illinois,Fall
Illinois,Fall
Illinois,Summer
Illinois,Fall
Illinois,Fall
Illinois,Summer
Illinois,Summer
Illinois,Fall
Illinois,Summer
Illinois,Fall
Illinois,Winter
Illinois,Summer
Illinois,Summer
Illinois,Summer
Illinois,Spring
Illinois,Winter
Illinois,Winter
Illinois,Fall
Illinois,Fall
Illinois,Summer
Illinois,Summer
Illinois,Fall
Illinois,Fall
Illinois,Summer
Illinois,Spring
Illinois,Summer
Illinois,Summer
Illinois,Winter
Illinois,Winter
Illinois,Winter
Illinois,Fall
Illinois,Fall
Illinois,Fall
Illinois,Winter
Illinois,Fall
Illinois,Summer
Illinois,Summer
Illinois,Winter
Illinois,Fall
Illinois,Spring
Illinois,Summer
Illinois,Fall
Illinois,Summer
Illinois,Fall
Illinois,Spring
Illinois,Summer
Illinois,Spring
Illinois,Fall
Illinois,Fall
Illinois,Spring
Illinois,Fall
Illinois,Summer
Illinois,Spring
Illinois,Winter
Illinois,Winter
Illinois,Summer
Illinois,Summer
Illinois,Winter
Illinois,Summer
Illinois,Summer
Illinois,Summer
Illinois,Summer
Illinois,Summer
Illinois,Winter
Illinois,Summer
Illinois,Fall
Illinois,Fall
Illinois,Fall
Illinois,Fall
Illinois,Summer
Illinois,Spring
Illinois,Winter
Illinois,Summer
Illinois,Summer
Illinois,Fall
Illinois,Winter
Illinois,Fall
Illinois,Fall
Illinois,Spring
Illinois,Fall
Illinois,Fall
Illinois,Summer
Illinois,Fall
Illinois,Spring
Illinois,Summer
Illinois,Fall
Illinois,Summer
Illinois,Winter
Illinois,Winter
Illinois,Fall
Illinois,Fall
Illinois,Fall
Illinois,Fall
Illinois,Spring
Illinois,Summer
Illinois,Fall
Illinois,Spring
Illinois,Spring
Illinois,Winter
Illinois,Fall
Illinois,Winter
Illinois,Spring
Illinois,Summer
Illinois,Summer
Illinois,Winter
Illinois,Winter
Illinois,Fall
Illinois,Summer
Illinois,Summer
Illinois,Spring
Illinois,Fall
Illinois,Summer
Illinois,Summer
Illinois,Spring
Illinois,Winter
Illinois,Summer
Illinois,Summer
Illinois,Winter
Illinois,Summer
Illinois,Winter
Illinois,Fall
Illinois,Summer
Illinois,Spring
Illinois,Spring
Illinois,Fall
Illinois,Summer
Illinois,Spring
Illinois,Summer
Illinois,Fall
Illinois,Spring
Illinois,Spring
Illinois,Fall
Illinois,Spring
Illinois,Spring
Illinois,Unknown
Illinois,Spring
Illinois,Winter
Illinois,Winter
Illinois,Spring
Illinois,Fall
Illinois,Fall
Illinois,Fall
Illinois,Winter
Illinois,Spring
Illinois,Winter
Illinois,Spring
Illinois,Fall
Illinois,Fall
Illinois,Summer
Illinois,Summer
Illinois,Fall
Illinois,Winter
Illinois,Spring
Illinois,Fall
Illinois,Fall
Illinois,Fall
Illinois,Summer
Illinois,Winter
Illinois,Spring
Illinois,Fall
Illinois,Summer
Illinois,Fall
Illinois,Fall
Illinois,Summer
Illinois,Spring
Illinois,Winter
Illinois,Summer
Illinois,Summer
Illinois,Summer
Illinois,Winter
Illinois,Fall
Illinois,Spring
Illinois,Fall
Illinois,Summer
Indiana,Summer
Indiana,Summer
Indiana,Winter
Indiana,Summer
Indiana,Winter
Indiana,Summer
Indiana,Summer
Indiana,Fall
Indiana,Summer
Indiana,Summer
Indiana,Summer
Indiana,Summer
Indiana,Summer
Indiana,Summer
Indiana,Winter
Indiana,Fall
Indiana,Summer
Indiana,Summer
Indiana,Fall
Indiana,Summer
Indiana,Summer
Indiana,Unknown
Indiana,Fall
Indiana,Fall
Indiana,Fall
Indiana,Summer
Indiana,Summer
Indiana,Fall
Indiana,Fall
Indiana,Spring
Indiana,Winter
Indiana,Fall
Indiana,Fall
Indiana,Spring
Indiana,Fall
Indiana,Summer
Indiana,Spring
Indiana,Fall
Indiana,Summer
Indiana,Winter
Indiana,Winter
Indiana,Fall
Indiana,Fall
Indiana,Fall
Indiana,Spring
Indiana,Winter
Indiana,Fall
Indiana,Fall
Indiana,Fall
Indiana,Summer
Indiana,Summer
Indiana,Summer
Indiana,Winter
Indiana,Fall
Indiana,Spring
Indiana,Spring
Indiana,Summer
Indiana,Summer
Indiana,Summer
Indiana,Fall
Indiana,Winter
Indiana,Summer
Indiana,Summer
Indiana,Spring
Indiana,Summer
Indiana,Summer
Indiana,Spring
Indiana,Fall
Indiana,Summer
Indiana,Spring
Indiana,Winter
Indiana,Summer
Indiana,Winter
Indiana,Spring
Indiana,Summer
Indiana,Winter
Indiana,Spring
Indiana,Summer
Indiana,Spring
Iowa,Summer
Iowa,Summer
Iowa,Winter
Iowa,Fall
Iowa,Fall
Iowa,Summer
Iowa,Winter
Iowa,Spring
Iowa,Winter
Iowa,Fall
Iowa,Winter
Iowa,Winter
Iowa,Summer
Iowa,Summer
Iowa,Fall
Iowa,Fall
Iowa,Fall
Iowa,Spring
Iowa,Summer
Iowa,Summer
Iowa,Summer
Iowa,Spring
Iowa,Summer
Iowa,Summer
Iowa,Fall
Iowa,Fall
Iowa,Fall
Iowa,Winter
Iowa,Fall
Iowa,Summer
Iowa,Fall
Iowa,Fall
Iowa,Fall
Iowa,Fall
Iowa,Fall
Iowa,Fall
Iowa,Spring
Iowa,Winter
Iowa,Fall
Iowa,Fall
Iowa,Spring
Iowa,Fall
Iowa,Spring
Iowa,Fall
Iowa,Summer
Iowa,Summer
Iowa,Summer
Iowa,Summer
Iowa,Summer
Iowa,Fall
Iowa,Summer
Iowa,Fall
Iowa,Fall
Iowa,Summer
Iowa,Summer
Iowa,Spring
Kansas,Winter
Kansas,Winter
Kansas,Spring
Kansas,Fall
Kansas,Summer
Kansas,Fall
Kansas,Fall
Kansas,Unknown
Kansas,Spring
Kansas,Summer
Kansas,Spring
Kansas,Summer
Kansas,Summer
Kansas,Spring
Kansas,Summer
Kansas,Unknown
Kansas,Spring
Kansas,Spring
Kansas,Spring
Kansas,Fall
Kansas,Summer
Kansas,Fall
Kansas,Summer
Kansas,Winter
Kansas,Spring
Kansas,Winter
Kansas,Winter
Kansas,Fall
Kansas,Summer
Kansas,Spring
Kansas,Unknown
Kansas,Summer
Kansas,Fall
Kansas,Fall
Kansas,Summer
Kansas,Summer
Kansas,Fall
Kansas,Fall
Kansas,Spring
Kansas,Spring
Kansas,Spring
Kansas,Fall
Kansas,Summer
Kansas,Summer
Kansas,Summer
Kentucky,Summer
Kentucky,Unknown
Kentucky,Fall
Kentucky,Fall
Kentucky,Summer
Kentucky,Unknown
Kentucky,Fall
Kentucky,Fall
Kentucky,Fall
Kentucky,Summer
Kentucky,Summer
Kentucky,Fall
Kentucky,Spring
Kentucky,Fall
Kentucky,Summer
Kentucky,Winter
Kentucky,Summer
Kentucky,Fall
Kentucky,Fall
Kentucky,Summer
Kentucky,Summer
Kentucky,Winter
Kentucky,Fall
Kentucky,Winter
Kentucky,Summer
Kentucky,Summer
Kentucky,Summer
Kentucky,Summer
Kentucky,Winter
Kentucky,Spring
Kentucky,Fall
Kentucky,Spring
Kentucky,Winter
Kentucky,Spring
Kentucky,Fall
Kentucky,Winter
Kentucky,Winter
Kentucky,Summer
Kentucky,Spring
Kentucky,Summer
Kentucky,Summer
Kentucky,Summer
Kentucky,Summer
Kentucky,Spring
Kentucky,Fall
Kentucky,Summer
Kentucky,Fall
Kentucky,Fall
Kentucky,Unknown
Kentucky,Summer
Kentucky,Fall
Kentucky,Summer
Kentucky,Spring
Kentucky,Fall
Kentucky,Fall
Kentucky,Fall
Kentucky,Summer
Kentucky,Winter
Kentucky,Fall
Kentucky,Winter
Kentucky,Summer
Kentucky,Summer
Kentucky,Winter
Kentucky,Unknown
Kentucky,Summer
Kentucky,Summer
Kentucky,Summer
Kentucky,Summer
Kentucky,Fall
Kentucky,Spring
Kentucky,Winter
Kentucky,Summer
Kentucky,Fall
Kentucky,Fall
Kentucky,Spring
Kentucky,Spring
Kentucky,Summer
Kentucky,Spring
Kentucky,Summer
Kentucky,Fall
Kentucky,Fall
Kentucky,Summer
Kentucky,Fall
Kentucky,Fall
Kentucky,Winter
Kentucky,Fall
Kentucky,Summer
Kentucky,Fall
Kentucky,Fall
Kentucky,Fall
Kentucky,Fall
Kentucky,Spring
Kentucky,Fall
Kentucky,Summer
Kentucky,Fall
Kentucky,Winter
Kentucky,Winter
Kentucky,Winter
Kentucky,Summer
Kentucky,Winter
Kentucky,Fall
Kentucky,Summer
Kentucky,Fall
Kentucky,Spring
Kentucky,Winter
Kentucky,Winter
Kentucky,Fall
Kentucky,Fall
Kentucky,Fall
Kentucky,Winter
Kentucky,Fall
Kentucky,Fall
Kentucky,Fall
Kentucky,Spring
Louisiana,Fall
Louisiana,Summer
Louisiana,Summer
Louisiana,Fall
Louisiana,Summer
Louisiana,Fall
Louisiana,Spring
Louisiana,Winter
Louisiana,Spring
Louisiana,Winter
Louisiana,Spring
Louisiana,Fall
Louisiana,Spring
Louisiana,Unknown
Louisiana,Summer
Louisiana,Fall
Louisiana,Winter
Louisiana,Winter
Louisiana,Winter
Louisiana,Fall
Louisiana,Winter
Louisiana,Summer
Louisiana,Unknown
Louisiana,Fall
Louisiana,Summer
Louisiana,Summer
Louisiana,Summer
Louisiana,Summer
Louisiana,Summer
Louisiana,Summer
Louisiana,Unknown
Louisiana,Winter
Louisiana,Summer
Louisiana,Spring
Louisiana,Fall
Louisiana,Fall
Louisiana,Fall
Louisiana,Summer
Louisiana,Fall
Louisiana,Fall
Louisiana,Spring
Maine,Spring
Maine,Fall
Maine,Summer
Maine,Winter
Maine,Winter
Maine,Fall
Maine,Summer
Maine,Summer
Maine,Unknown
Maine,Fall
Maine,Summer
Maine,Summer
Maine,Fall
Maine,Fall
Maine,Summer
Maine,Fall
Maine,Summer
Maryland,Fall
Maryland,Summer
Maryland,Summer
Maryland,Summer
Maryland,Summer
Maryland,Unknown
Maryland,Spring
Maryland,Spring
Maryland,Spring
Maryland,Spring
Maryland,Spring
Maryland,Summer
Maryland,Summer
Maryland,Summer
Maryland,Summer
Maryland,Fall
Maryland,Fall
Maryland,Summer
Maryland,Fall
Maryland,Spring
Maryland,Summer
Maryland,Fall
Maryland,Spring
Maryland,Fall
Maryland,Summer
Maryland,Summer
Maryland,Fall
Maryland,Fall
Maryland,Winter
Maryland,Summer
Maryland,Summer
Maryland,Winter
Maryland,Spring
Maryland,Spring
Massachusetts,Winter
Massachusetts,Spring
Massachusetts,Summer
Massachusetts,Winter
Massachusetts,Spring
Massachusetts,Spring
Massachusetts,Summer
Massachusetts,Spring
Massachusetts,Winter
Massachusetts,Winter
Massachusetts,Fall
Massachusetts,Summer
Massachusetts,Winter
Massachusetts,Summer
Massachusetts,Fall
Massachusetts,Fall
Massachusetts,Fall
Massachusetts,Winter
Massachusetts,Spring
Massachusetts,Summer
Massachusetts,Summer
Massachusetts,Fall
Massachusetts,Winter
Massachusetts,Summer
Massachusetts,Summer
Massachusetts,Fall
Massachusetts,Spring
Massachusetts,Summer
Massachusetts,Spring
Michigan,Fall
Michigan,Fall
Michigan,Fall
Michigan,Summer
Michigan,Unknown
Michigan,Summer
Michigan,Spring
Michigan,Spring
Michigan,Summer
Michigan,Fall
Michigan,Spring
Michigan,Summer
Michigan,Summer
Michigan,Fall
Michigan,Summer
Michigan,Unknown
Michigan,Summer
Michigan,Summer
Michigan,Fall
Michigan,Summer
Michigan,Fall
Michigan,Spring
Michigan,Fall
Michigan,Summer
Michigan,Spring
Michigan,Fall
Michigan,Fall
Michigan,Fall
Michigan,Summer
Michigan,Summer
Michigan,Fall
Michigan,Fall
Michigan,Summer
Michigan,Spring
Michigan,Fall
Michigan,Summer
Michigan,Summer
Michigan,Spring
Michigan,Fall
Michigan,Fall
Michigan,Fall
Michigan,Spring
Michigan,Summer
Michigan,Winter
Michigan,Fall
Michigan,Summer
Michigan,Fall
Michigan,Summer
Michigan,Summer
Michigan,Summer
Michigan,Fall
Michigan,Fall
Michigan,Winter
Michigan,Summer
Michigan,Winter
Michigan,Summer
Michigan,Spring
Michigan,Summer
Michigan,Fall
Michigan,Summer
Michigan,Spring
Michigan,Summer
Michigan,Fall
Michigan,Spring
Michigan,Fall
Michigan,Fall
Michigan,Fall
Michigan,Fall
Michigan,Winter
Michigan,Summer
Michigan,Winter
Michigan,Unknown
Michigan,Spring
Michigan,Summer
Michigan,Summer
Michigan,Winter
Michigan,Summer
Michigan,Fall
Michigan,Spring
Michigan,Summer
Michigan,Summer
Michigan,Summer
Michigan,Summer
Michigan,Spring
Michigan,Fall
Michigan,Fall
Michigan,Fall
Michigan,Winter
Michigan,Spring
Michigan,Spring
Michigan,Summer
Michigan,Fall
Michigan,Summer
Michigan,Summer
Michigan,Fall
Michigan,Winter
Michigan,Winter
Michigan,Winter
Michigan,Fall
Michigan,Summer
Michigan,Spring
Michigan,Fall
Michigan,Summer
Michigan,Winter
Michigan,Fall
Michigan,Fall
Michigan,Fall
Michigan,Fall
Michigan,Summer
Michigan,Summer
Michigan,Summer
Michigan,Summer
Michigan,Summer
Michigan,Fall
Michigan,Summer
Michigan,Spring
Michigan,Fall
Michigan,Summer
Michigan,Fall
Michigan,Fall
Michigan,Spring
Michigan,Spring
Michigan,Spring
Michigan,Fall
Michigan,Fall
Michigan,Winter
Michigan,Fall
Michigan,Spring
Michigan,Summer
Michigan,Spring
Michigan,Summer
Michigan,Summer
Michigan,Summer
Michigan,Fall
Michigan,Winter
Michigan,Winter
Michigan,Summer
Michigan,Winter
Michigan,Summer
Michigan,Fall
Michigan,Summer
Michigan,Winter
Michigan,Spring
Michigan,Winter
Michigan,Summer
Michigan,Spring
Michigan,Summer
Michigan,Spring
Michigan,Fall
Michigan,Fall
Michigan,Fall
Michigan,Fall
Michigan,Summer
Michigan,Winter
Michigan,Fall
Michigan,Fall
Michigan,Spring
Michigan,Spring
Michigan,Fall
Michigan,Summer
Michigan,Summer
Michigan,Summer
Michigan,Fall
Michigan,Fall
Michigan,Summer
Michigan,Fall
Michigan,Spring
Michigan,Spring
Michigan,Fall
Michigan,Summer
Michigan,Fall
Michigan,Winter
Michigan,Fall
Michigan,Winter
Michigan,Fall
Michigan,Fall
Michigan,Summer
Michigan,Summer
Michigan,Summer
Michigan,Summer
Michigan,Fall
Michigan,Summer
Michigan,Fall
Michigan,Summer
Michigan,Summer
Michigan,Spring
Michigan,Summer
Michigan,Fall
Michigan,Summer
Michigan,Winter
Michigan,Summer
Michigan,Fall
Michigan,Summer
Michigan,Summer
Michigan,Fall
Michigan,Summer
Michigan,Winter
Michigan,Summer
Michigan,Summer
Michigan,Fall
Michigan,Summer
Michigan,Fall
Michigan,Summer
Michigan,Fall
Michigan,Winter
Michigan,Fall
Michigan,Spring
Michigan,Fall
Michigan,Spring
Michigan,Summer
Michigan,Summer
Michigan,Fall
Michigan,Fall
Michigan,Fall
Michigan,Summer
Michigan,Summer
Minnesota,Summer
Minnesota,Summer
Minnesota,Spring
Minnesota,Winter
Minnesota,Summer
Minnesota,Fall
Minnesota,Fall
Minnesota,Summer
Minnesota,Fall
Minnesota,Fall
Minnesota,Summer
Minnesota,Fall
Minnesota,Spring
Minnesota,Fall
Minnesota,Winter
Minnesota,Summer
Minnesota,Fall
Minnesota,Summer
Minnesota,Fall
Minnesota,Fall
Minnesota,Fall
Minnesota,Fall
Minnesota,Summer
Minnesota,Summer
Minnesota,Summer
Minnesota,Winter
Minnesota,Spring
Minnesota,Fall
Minnesota,Fall
Minnesota,Summer
Minnesota,Winter
Minnesota,Spring
Minnesota,Spring
Minnesota,Summer
Minnesota,Summer
Minnesota,Summer
Minnesota,Spring
Minnesota,Fall
Minnesota,Spring
Minnesota,Spring
Minnesota,Fall
Minnesota,Summer
Minnesota,Spring
Minnesota,Fall
Minnesota,Fall
Minnesota,Summer
Minnesota,Fall
Minnesota,Fall
Minnesota,Summer
Minnesota,Fall
Minnesota,Spring
Minnesota,Fall
Minnesota,Fall
Minnesota,Spring
Minnesota,Summer
Minnesota,Fall
Minnesota,Fall
Minnesota,Winter
Minnesota,Winter
Minnesota,Fall
Minnesota,Summer
Minnesota,Summer
Minnesota,Winter
Minnesota,Spring
Minnesota,Winter
Minnesota,Spring
Minnesota,Summer
Minnesota,Spring
Minnesota,Spring
Minnesota,Summer
Minnesota,Summer
Minnesota,Summer
Mississippi,Winter
Mississippi,Winter
Mississippi,Fall
Mississippi,Fall
Mississippi,Winter
Mississippi,Unknown
Mississippi,Summer
Mississippi,Fall
Mississippi,Fall
Mississippi,Summer
Mississippi,Fall
Mississippi,Winter
Mississippi,Fall
Mississippi,Fall
Mississippi,Summer
Mississippi,Fall
Mississippi,Spring
Mississippi,Summer
Mississippi,Winter
Mississippi,Summer
Mississippi,Winter
Missouri,Spring
Missouri,Fall
Missouri,Winter
Missouri,Fall
Missouri,Fall
Missouri,Spring
Missouri,Summer
Missouri,Summer
Missouri,Winter
Missouri,Spring
Missouri,Fall
Missouri,Fall
Missouri,Summer
Missouri,Summer
Missouri,Spring
Missouri,Fall
Missouri,Spring
Missouri,Summer
Missouri,Fall
Missouri,Summer
Missouri,Summer
Missouri,Spring
Missouri,Fall
Missouri,Summer
Missouri,Fall
Missouri,Winter
Missouri,Fall
Missouri,Spring
Missouri,Fall
Missouri,Fall
Missouri,Fall
Missouri,Winter
Missouri,Summer
Missouri,Spring
Missouri,Summer
Missouri,Summer
Missouri,Summer
Missouri,Fall
Missouri,Summer
Missouri,Fall
Missouri,Spring
Missouri,Spring
Missouri,Fall
Missouri,Winter
Missouri,Summer
Missouri,Winter
Missouri,Fall
Missouri,Summer
Missouri,Summer
Missouri,Summer
Missouri,Fall
Missouri,Fall
Missouri,Summer
Missouri,Spring
Missouri,Spring
Missouri,Fall
Missouri,Summer
Missouri,Winter
Missouri,Fall
Missouri,Summer
Missouri,Fall
Missouri,Summer
Missouri,Fall
Missouri,Fall
Missouri,Fall
Missouri,Fall
Missouri,Spring
Missouri,Winter
Missouri,Spring
Missouri,Summer
Missouri,Spring
Missouri,Spring
Missouri,Fall
Missouri,Spring
Missouri,Fall
Missouri,Spring
Missouri,Summer
Missouri,Summer
Missouri,Summer
Missouri,Winter
Missouri,Fall
Missouri,Summer
Missouri,Fall
Missouri,Summer
Missouri,Fall
Missouri,Fall
Missouri,Winter
Missouri,Winter
Missouri,Spring
Missouri,Spring
Missouri,Spring
Missouri,Winter
Missouri,Spring
Missouri,Summer
Missouri,Winter
Missouri,Spring
Missouri,Fall
Missouri,Fall
Missouri,Winter
Missouri,Summer
Missouri,Spring
Missouri,Fall
Missouri,Summer
Missouri,Fall
Missouri,Summer
Missouri,Summer
Missouri,Summer
Missouri,Unknown
Missouri,Fall
Missouri,Fall
Missouri,Fall
Missouri,Fall
Missouri,Winter
Missouri,Summer
Missouri,Summer
Missouri,Summer
Missouri,Spring
Missouri,Summer
Missouri,Fall
Missouri,Spring
Missouri,Spring
Missouri,Summer
Missouri,Summer
Missouri,Fall
Missouri,Summer
Missouri,Fall
Missouri,Winter
Missouri,Fall
Missouri,Summer
Missouri,Spring
Missouri,Winter
Missouri,Fall
Missouri,Winter
Missouri,Summer
Missouri,Summer
Missouri,Fall
Missouri,Summer
Missouri,Spring
Missouri,Fall
Missouri,Summer
Missouri,Fall
Missouri,Summer
Missouri,Summer
Missouri,Spring
Missouri,Spring
Missouri,Summer
Missouri,Fall
Missouri,Unknown
Missouri,Spring
Missouri,Summer
Missouri,Fall
Missouri,Summer
Missouri,Summer
Missouri,Summer
Missouri,Winter
Missouri,Spring
Missouri,Spring
Missouri,Summer
Montana,Summer
Montana,Winter
Montana,Summer
Montana,Spring
Montana,Winter
Montana,Fall
Montana,Winter
Montana,Spring
Montana,Summer
Montana,Spring
Montana,Fall
Montana,Summer
Montana,Summer
Montana,Winter
Montana,Fall
Montana,Fall
Montana,Summer
Montana,Fall
Montana,Fall
Montana,Spring
Montana,Spring
Montana,Summer
Montana,Spring
Montana,Summer
Montana,Summer
Montana,Winter
Montana,Summer
Montana,Fall
Montana,Summer
Montana,Summer
Montana,Fall
Montana,Spring
Montana,Winter
Montana,Spring
Montana,Summer
Montana,Summer
Montana,Winter
Montana,Fall
Montana,Summer
Montana,Spring
Montana,Summer
Montana,Summer
Montana,Summer
Montana,Fall
Montana,Fall
Montana,Winter
Montana,Spring
Montana,Summer
Montana,Winter
Montana,Winter
Montana,Fall
Nebraska,Spring
Nebraska,Summer
Nebraska,Summer
Nebraska,Fall
Nebraska,Unknown
Nebraska,Fall
Nebraska,Winter
Nebraska,Fall
Nebraska,Fall
Nebraska,Summer
Nebraska,Summer
Nebraska,Fall
Nebraska,Unknown
Nebraska,Fall
Nebraska,Fall
Nevada,Fall
Nevada,Summer
Nevada,Summer
Nevada,Summer
Nevada,Winter
Nevada,Summer
Nevada,Fall
New Hampshire,Summer
New Hampshire,Fall
New Hampshire,Summer
New Hampshire,Summer
New Hampshire,Summer
New Hampshire,Unknown
New Hampshire,Summer
New Hampshire,Summer
New Hampshire,Fall
New Hampshire,Winter
New Hampshire,Spring
New Hampshire,Spring
New Hampshire,Fall
New Hampshire,Winter
New Jersey,Fall
New Jersey,Summer
New Jersey,Winter
New Jersey,Spring
New Jersey,Summer
New Jersey,Summer
New Jersey,Spring
New Jersey,Summer
New Jersey,Spring
New Jersey,Fall
New Jersey,Summer
New Jersey,Spring
New Jersey,Summer
New Jersey,Fall
New Jersey,Spring
New Jersey,Spring
New Jersey,Summer
New Jersey,Fall
New Jersey,Summer
New Jersey,Spring
New Jersey,Spring
New Jersey,Winter
New Jersey,Fall
New Jersey,Spring
New Jersey,Summer
New Jersey,Summer
New Jersey,Summer
New Jersey,Winter
New Jersey,Summer
New Jersey,Summer
New Jersey,Fall
New Jersey,Spring
New Jersey,Fall
New Jersey,Summer
New Jersey,Winter
New Jersey,Summer
New Jersey,Fall
New Jersey,Summer
New Jersey,Summer
New Jersey,Summer
New Jersey,Summer
New Jersey,Winter
New Jersey,Fall
New Jersey,Spring
New Jersey,Spring
New Jersey,Summer
New Jersey,Summer
New Jersey,Fall
New Jersey,Summer
New Jersey,Spring
New Jersey,Fall
New Jersey,Summer
New Jersey,Spring
New Jersey,Summer
New Jersey,Fall
New Jersey,Fall
New Jersey,Winter
New Jersey,Fall
New Jersey,Fall
New Jersey,Winter
New Jersey,Spring
New Jersey,Spring
New Jersey,Summer
New Jersey,Summer
New Jersey,Summer
New Jersey,Fall
New Mexico,Spring
New Mexico,Fall
New Mexico,Summer
New Mexico,Winter
New Mexico,Winter
New Mexico,Summer
New Mexico,Fall
New Mexico,Summer
New Mexico,Fall
New Mexico,Fall
New Mexico,Fall
New Mexico,Summer
New Mexico,Fall
New Mexico,Fall
New Mexico,Winter
New Mexico,Fall
New Mexico,Winter
New Mexico,Summer
New Mexico,Fall
New Mexico,Summer
New Mexico,Summer
New Mexico,Summer
New Mexico,Spring
New Mexico,Summer
New Mexico,Summer
New Mexico,Summer
New Mexico,Winter
New Mexico,Spring
New Mexico,Fall
New Mexico,Winter
New Mexico,Winter
New Mexico,Summer
New Mexico,Summer
New Mexico,Summer
New Mexico,Summer
New Mexico,Spring
New Mexico,Spring
New Mexico,Fall
New Mexico,Summer
New Mexico,Fall
New Mexico,Spring
New Mexico,Summer
New York,Fall
New York,Fall
New York,Spring
New York,Winter
New York,Winter
New York,Fall
New York,Fall
New York,Winter
New York,Summer
New York,Summer
New York,Summer
New York,Winter
New York,Spring
New York,Summer
New York,Spring
New York,Summer
New York,Winter
New York,Fall
New York,Summer
New York,Spring
New York,Summer
New York,Spring
New York,Winter
New York,Winter
New York,Fall
New York,Summer
New York,Spring
New York,Spring
New York,Fall
New York,Summer
New York,Fall
New York,Fall
New York,Fall
New York,Fall
New York,Spring
New York,Summer
New York,Fall
New York,Summer
New York,Summer
New York,Spring
New York,Summer
New York,Spring
New York,Summer
New York,Spring
New York,Summer
New York,Summer
New York,Summer
New York,Summer
New York,Winter
New York,Winter
New York,Fall
New York,Summer
New York,Summer
New York,Fall
New York,Spring
New York,Summer
New York,Summer
New York,Fall
New York,Summer
New York,Fall
New York,Fall
New York,Fall
New York,Summer
New York,Summer
New York,Summer
New York,Winter
New York,Summer
New York,Summer
New York,Spring
New York,Fall
New York,Winter
New York,Spring
New York,Winter
New York,Fall
New York,Summer
New York,Summer
New York,Fall
New York,Spring
New York,Summer
New York,Fall
New York,Fall
New York,Fall
New York,Fall
New York,Summer
New York,Summer
New York,Summer
New York,Summer
New York,Summer
New York,Spring
New York,Fall
New York,Summer
New York,Summer
New York,Fall
New York,Fall
New York,Summer
New York,Summer
New York,Winter
New York,Fall
New York,Summer
New York,Fall
New York,Winter
New York,Summer
New York,Winter
New York,Winter
New York,Fall
New York,Fall
New York,Summer
New York,Summer
New York,Fall
New York,Summer
New York,Winter
North Carolina,Spring
North Carolina,Summer
North Carolina,Unknown
North Carolina,Fall
North Carolina,Fall
North Carolina,Summer
North Carolina,Winter
North Carolina,Winter
North Carolina,Fall
North Carolina,Fall
North Carolina,Spring
North Carolina,Fall
North Carolina,Fall
North Carolina,Winter
North Carolina,Winter
North Carolina,Winter
North Carolina,Summer
North Carolina,Winter
North Carolina,Winter
North Carolina,Summer
North Carolina,Fall
North Carolina,Fall
North Carolina,Spring
North Carolina,Fall
North Carolina,Spring
North Carolina,Fall
North Carolina,Unknown
North Carolina,Fall
North Carolina,Fall
North Carolina,Fall
North Carolina,Summer
North Carolina,Summer
North Carolina,Summer
North Carolina,Fall
North Carolina,Summer
North Carolina,Winter
North Carolina,Summer
North Carolina,Summer
North Carolina,Summer
North Carolina,Winter
North Carolina,Fall
North Carolina,Winter
North Carolina,Summer
North Carolina,Summer
North Carolina,Winter
North Carolina,Fall
North Carolina,Spring
North Carolina,Fall
North Carolina,Summer
North Carolina,Fall
North Carolina,Summer
North Carolina,Winter
North Carolina,Fall
North Carolina,Summer
North Carolina,Summer
North Carolina,Winter
North Carolina,Fall
North Carolina,Summer
North Carolina,Winter
North Carolina,Spring
North Carolina,Fall
North Carolina,Fall
North Carolina,Summer
North Carolina,Summer
North Carolina,Fall
North Carolina,Summer
North Carolina,Spring
North Carolina,Fall
North Carolina,Fall
North Carolina,Fall
North Carolina,Fall
North Carolina,Winter
North Carolina,Summer
North Carolina,Fall
North Carolina,Summer
North Carolina,Spring
North Carolina,Fall
North Carolina,Spring
North Carolina,Fall
North Carolina,Summer
North Carolina,Winter
North Carolina,Summer
North Carolina,Fall
North Carolina,Spring
North Carolina,Fall
North Carolina,Spring
North Carolina,Spring
North Carolina,Winter
North Carolina,Summer
North Dakota,Spring
North Dakota,Winter
North Dakota,Summer
North Dakota,Winter
Ohio,Summer
Ohio,Summer
Ohio,Winter
Ohio,Summer
Ohio,Summer
Ohio,Fall
Ohio,Spring
Ohio,Fall
Ohio,Fall
Ohio,Winter
Ohio,Fall
Ohio,Fall
Ohio,Fall
Ohio,Summer
Ohio,Fall
Ohio,Fall
Ohio,Summer
Ohio,Summer
Ohio,Winter
Ohio,Fall
Ohio,Summer
Ohio,Summer
Ohio,Summer
Ohio,Summer
Ohio,Unknown
Ohio,Winter
Ohio,Winter
Ohio,Fall
Ohio,Summer
Ohio,Summer
Ohio,Winter
Ohio,Fall
Ohio,Summer
Ohio,Summer
Ohio,Winter
Ohio,Fall
Ohio,Summer
Ohio,Spring
Ohio,Spring
Ohio,Spring
Ohio,Winter
Ohio,Summer
Ohio,Spring
Ohio,Summer
Ohio,Summer
Ohio,Unknown
Ohio,Fall
Ohio,Summer
Ohio,Summer
Ohio,Unknown
Ohio,Fall
Ohio,Spring
Ohio,Summer
Ohio,Spring
Ohio,Fall
Ohio,Summer
Ohio,Spring
Ohio,Unknown
Ohio,Winter
Ohio,Summer
Ohio,Spring
Ohio,Winter
Ohio,Spring
Ohio,Summer
Ohio,Fall
Ohio,Winter
Ohio,Summer
Ohio,Fall
Ohio,Summer
Ohio,Winter
Ohio,Summer
Ohio,Fall
Ohio,Spring
Ohio,Summer
Ohio,Spring
Ohio,Fall
Ohio,Summer
Ohio,Fall
Ohio,Fall
Ohio,Fall
Ohio,Fall
Ohio,Spring
Ohio,Spring
Ohio,Summer
Ohio,Fall
Ohio,Winter
Ohio,Summer
Ohio,Summer
Ohio,Winter
Ohio,Summer
Ohio,Winter
Ohio,Summer
Ohio,Summer
Ohio,Winter
Ohio,Winter
Ohio,Summer
Ohio,Fall
Ohio,Winter
Ohio,Summer
Ohio,Summer
Ohio,Spring
Ohio,Fall
Ohio,Fall
Ohio,Spring
Ohio,Summer
Ohio,Winter
Ohio,Fall
Ohio,Summer
Ohio,Summer
Ohio,Spring
Ohio,Summer
Ohio,Summer
Ohio,Winter
Ohio,Fall
Ohio,Spring
Ohio,Summer
Ohio,Summer
Ohio,Fall
Ohio,Fall
Ohio,Summer
Ohio,Spring
Ohio,Summer
Ohio,Winter
Ohio,Summer
Ohio,Fall
Ohio,Fall
Ohio,Spring
Ohio,Summer
Ohio,Winter
Ohio,Summer
Ohio,Fall
Ohio,Fall
Ohio,Winter
Ohio,Summer
Ohio,Summer
Ohio,Summer
Ohio,Summer
Ohio,Winter
Ohio,Winter
Ohio,Summer
Ohio,Summer
Ohio,Spring
Ohio,Spring
Ohio,Summer
Ohio,Summer
Ohio,Fall
Ohio,Spring
Ohio,Summer
Ohio,Winter
Ohio,Summer
Ohio,Spring
Ohio,Summer
Ohio,Summer
Ohio,Winter
Ohio,Summer
Ohio,Summer
Ohio,Summer
Ohio,Winter
Ohio,Fall
Ohio,Fall
Ohio,Summer
Ohio,Spring
Ohio,Spring
Ohio,Summer
Ohio,Summer
Ohio,Summer
Ohio,Summer
Ohio,Summer
Ohio,Spring
Ohio,Summer
Ohio,Winter
Ohio,Spring
Ohio,Fall
Ohio,Spring
Ohio,Fall
Ohio,Summer
Ohio,Summer
Ohio,Spring
Ohio,Summer
Ohio,Summer
Ohio,Winter
Ohio,Fall
Ohio,Spring
Ohio,Fall
Ohio,Fall
Ohio,Summer
Ohio,Summer
Ohio,Summer
Ohio,Summer
Ohio,Summer
Ohio,Summer
Ohio,Winter
Ohio,Spring
Ohio,Summer
Ohio,Summer
Ohio,Fall
Ohio,Fall
Ohio,Winter
Ohio,Fall
Ohio,Spring
Ohio,Spring
Ohio,Fall
Ohio,Summer
Ohio,Fall
Ohio,Winter
Ohio,Winter
Ohio,Summer
Ohio,Fall
Ohio,Summer
Ohio,Fall
Ohio,Summer
Ohio,Unknown
Ohio,Summer
Ohio,Summer
Ohio,Winter
Ohio,Spring
Ohio,Summer
Ohio,Unknown
Ohio,Summer
Ohio,Fall
Ohio,Fall
Ohio,Fall
Ohio,Spring
Ohio,Fall
Ohio,Winter
Ohio,Spring
Ohio,Spring
Ohio,Winter
Ohio,Summer
Ohio,Summer
Ohio,Fall
Ohio,Spring
Ohio,Spring
Ohio,Fall
Ohio,Summer
Ohio,Fall
Ohio,Fall
Ohio,Fall
Ohio,Winter
Ohio,Fall
Ohio,Fall
Ohio,Spring
Ohio,Summer
Ohio,Summer
Ohio,Summer
Ohio,Spring
Ohio,Summer
Ohio,Fall
Ohio,Summer
Ohio,Fall
Ohio,Summer
Ohio,Summer
Ohio,Fall
Ohio,Fall
Ohio,Spring
Ohio,Spring
Ohio,Spring
Ohio,Spring
Ohio,Spring
Ohio,Summer
Ohio,Winter
Ohio,Spring
Ohio,Fall
Ohio,Summer
Ohio,Winter
Ohio,Spring
Ohio,Summer
Ohio,Winter
Ohio,Summer
Ohio,Summer
Ohio,Winter
Ohio,Winter
Ohio,Winter
Ohio,Summer
Ohio,Winter
Ohio,Winter
Ohio,Spring
Ohio,Winter
Ohio,Summer
Ohio,Summer
Ohio,Fall
Ohio,Spring
Ohio,Fall
Ohio,Fall
Ohio,Spring
Ohio,Fall
Ohio,Summer
Ohio,Spring
Ohio,Summer
Ohio,Summer
Ohio,Summer
Ohio,Spring
Ohio,Winter
Ohio,Fall
Ohio,Summer
Ohio,Winter
Ohio,Winter
Ohio,Summer
Ohio,Fall
Ohio,Fall
Ohio,Fall
Ohio,Spring
Ohio,Fall
Oklahoma,Fall
Oklahoma,Summer
Oklahoma,Spring
Oklahoma,Spring
Oklahoma,Fall
Oklahoma,Fall
Oklahoma,Fall
Oklahoma,Fall
Oklahoma,Summer
Oklahoma,Winter
Oklahoma,Winter
Oklahoma,Summer
Oklahoma,Fall
Oklahoma,Winter
Oklahoma,Winter
Oklahoma,Fall
Oklahoma,Fall
Oklahoma,Spring
Oklahoma,Spring
Oklahoma,Spring
Oklahoma,Fall
Oklahoma,Winter
Oklahoma,Winter
Oklahoma,Fall
Oklahoma,Fall
Oklahoma,Summer
Oklahoma,Fall
Oklahoma,Summer
Oklahoma,Fall
Oklahoma,Summer
Oklahoma,Summer
Oklahoma,Fall
Oklahoma,Summer
Oklahoma,Winter
Oklahoma,Summer
Oklahoma,Fall
Oklahoma,Spring
Oklahoma,Fall
Oklahoma,Fall
Oklahoma,Winter
Oklahoma,Summer
Oklahoma,Summer
Oklahoma,Winter
Oklahoma,Fall
Oklahoma,Fall
Oklahoma,Spring
Oklahoma,Spring
Oklahoma,Fall
Oklahoma,Spring
Oklahoma,Winter
Oklahoma,Winter
Oklahoma,Summer
Oklahoma,Spring
Oklahoma,Fall
Oklahoma,Winter
Oklahoma,Winter
Oklahoma,Spring
Oklahoma,Fall
Oklahoma,Spring
Oklahoma,Summer
Oklahoma,Summer
Oklahoma,Fall
Oklahoma,Summer
Oklahoma,Summer
Oklahoma,Winter
Oklahoma,Fall
Oklahoma,Fall
Oklahoma,Summer
Oklahoma,Fall
Oklahoma,Summer
Oklahoma,Spring
Oklahoma,Summer
Oklahoma,Spring
Oklahoma,Spring
Oklahoma,Spring
Oklahoma,Summer
Oklahoma,Winter
Oklahoma,Fall
Oklahoma,Fall
Oklahoma,Spring
Oklahoma,Spring
Oklahoma,Summer
Oklahoma,Fall
Oklahoma,Fall
Oklahoma,Summer
Oklahoma,Summer
Oklahoma,Spring
Oklahoma,Fall
Oklahoma,Summer
Oklahoma,Summer
Oklahoma,Winter
Oklahoma,Fall
Oklahoma,Fall
Oklahoma,Summer
Oklahoma,Fall
Oklahoma,Spring
Oklahoma,Summer
Oregon,Spring
Oregon,Spring
Oregon,Summer
Oregon,Summer
Oregon,Fall
Oregon,Summer
Oregon,Fall
Oregon,Spring
Oregon,Summer
Oregon,Summer
Oregon,Unknown
Oregon,Fall
Oregon,Winter
Oregon,Fall
Oregon,Summer
Oregon,Summer
Oregon,Summer
Oregon,Summer
Oregon,Fall
Oregon,Summer
Oregon,Fall
Oregon,Fall
Oregon,Summer
Oregon,Summer
Oregon,Fall
Oregon,Summer
Oregon,Spring
Oregon,Unknown
Oregon,Summer
Oregon,Summer
Oregon,Spring
Oregon,Fall
Oregon,Fall
Oregon,Summer
Oregon,Summer
Oregon,Fall
Oregon,Fall
Oregon,Summer
Oregon,Summer
Oregon,Summer
Oregon,Fall
Oregon,Summer
Oregon,Fall
Oregon,Fall
Oregon,Fall
Oregon,Summer
Oregon,Summer
Oregon,Summer
Oregon,Summer
Oregon,Summer
Oregon,Fall
Oregon,Summer
Oregon,Fall
Oregon,Winter
Oregon,Fall
Oregon,Fall
Oregon,Fall
Oregon,Fall
Oregon,Fall
Oregon,Summer
Oregon,Fall
Oregon,Fall
Oregon,Unknown
Oregon,Summer
Oregon,Fall
Oregon,Summer
Oregon,Summer
Oregon,Fall
Oregon,Fall
Oregon,Summer
Oregon,Summer
Oregon,Summer
Oregon,Summer
Oregon,Spring
Oregon,Spring
Oregon,Winter
Oregon,Summer
Oregon,Summer
Oregon,Fall
Oregon,Summer
Oregon,Unknown
Oregon,Fall
Oregon,Summer
Oregon,Summer
Oregon,Winter
Oregon,Winter
Oregon,Spring
Oregon,Winter
Oregon,Summer
Oregon,Summer
Oregon,Summer
Oregon,Summer
Oregon,Fall
Oregon,Summer
Oregon,Summer
Oregon,Fall
Oregon,Fall
Oregon,Summer
Oregon,Winter
Oregon,Fall
Oregon,Winter
Oregon,Summer
Oregon,Fall
Oregon,Summer
Oregon,Summer
Oregon,Summer
Oregon,Summer
Oregon,Spring
Oregon,Summer
Oregon,Summer
Oregon,Summer
Oregon,Fall
Oregon,Summer
Oregon,Summer
Oregon,Summer
Oregon,Summer
Oregon,Fall
Oregon,Fall
Oregon,Fall
Oregon,Summer
Oregon,Winter
Oregon,Fall
Oregon,Summer
Oregon,Fall
Oregon,Fall
Oregon,Fall
Oregon,Summer
Oregon,Summer
Oregon,Winter
Oregon,Fall
Oregon,Summer
Oregon,Summer
Oregon,Fall
Oregon,Summer
Oregon,Summer
Oregon,Summer
Oregon,Summer
Oregon,Summer
Oregon,Fall
Oregon,Summer
Oregon,Summer
Oregon,Winter
Oregon,Summer
Oregon,Summer
Oregon,Summer
Oregon,Fall
Oregon,Fall
Oregon,Fall
Oregon,Spring
Oregon,Fall
Oregon,Winter
Oregon,Summer
Oregon,Winter
Oregon,Summer
Oregon,Summer
Oregon,Summer
Oregon,Fall
Oregon,Fall
Oregon,Fall
Oregon,Winter
Oregon,Summer
Oregon,Spring
Oregon,Fall
Oregon,Fall
Oregon,Summer
Oregon,Fall
Oregon,Summer
Oregon,Winter
Oregon,Summer
Oregon,Summer
Oregon,Fall
Oregon,Summer
Oregon,Fall
Oregon,Summer
Oregon,Summer
Oregon,Summer
Oregon,Summer
Oregon,Summer
Oregon,Summer
Oregon,Fall
Oregon,Spring
Oregon,Spring
Oregon,Summer
Oregon,Winter
Oregon,Winter
Oregon,Winter
Oregon,Summer
Oregon,Fall
Oregon,Summer
Oregon,Summer
Oregon,Summer
Oregon,Summer
Oregon,Summer
Oregon,Fall
Oregon,Summer
Oregon,Spring
Oregon,Summer
Oregon,Winter
Oregon,Summer
Oregon,Summer
Oregon,Spring
Oregon,Summer
Oregon,Summer
Oregon,Summer
Oregon,Fall
Oregon,Winter
Oregon,Fall
Oregon,Summer
Oregon,Summer
Oregon,Fall
Oregon,Spring
Oregon,Fall
Oregon,Fall
Oregon,Summer
Oregon,Fall
Oregon,Winter
Oregon,Winter
Oregon,Spring
Oregon,Summer
Oregon,Spring
Oregon,Summer
Oregon,Summer
Oregon,Fall
Oregon,Fall
Oregon,Summer
Oregon,Summer
Oregon,Spring
Oregon,Summer
Oregon,Summer
Oregon,Fall
Oregon,Fall
Oregon,Spring
Oregon,Summer
Oregon,Winter
Oregon,Summer
Oregon,Winter
Oregon,Summer
Oregon,Summer
Oregon,Fall
Oregon,Fall
Oregon,Fall
Oregon,Summer
Oregon,Summer
Oregon,Fall
Oregon,Summer
Oregon,Winter
Oregon,Summer
Oregon,Fall
Oregon,Fall
Pennsylvania,Summer
Pennsylvania,Summer
Pennsylvania,Winter
Pennsylvania,Fall
Pennsylvania,Summer
Pennsylvania,Fall
Pennsylvania,Fall
Pennsylvania,Fall
Pennsylvania,Spring
Pennsylvania,Spring
Pennsylvania,Summer
Pennsylvania,Winter
Pennsylvania,Winter
Pennsylvania,Winter
Pennsylvania,Summer
Pennsylvania,Summer
Pennsylvania,Fall
Pennsylvania,Winter
Pennsylvania,Spring
Pennsylvania,Fall
Pennsylvania,Fall
Pennsylvania,Spring
Pennsylvania,Fall
Pennsylvania,Spring
Pennsylvania,Spring
Pennsylvania,Winter
Pennsylvania,Winter
Pennsylvania,Fall
Pennsylvania,Spring
Pennsylvania,Summer
Pennsylvania,Summer
Pennsylvania,Unknown
Pennsylvania,Spring
Pennsylvania,Summer
Pennsylvania,Summer
Pennsylvania,Fall
Pennsylvania,Summer
Pennsylvania,Fall
Pennsylvania,Fall
Pennsylvania,Summer
Pennsylvania,Winter
Pennsylvania,Winter
Pennsylvania,Summer
Pennsylvania,Summer
Pennsylvania,Fall
Pennsylvania,Summer
Pennsylvania,Fall
Pennsylvania,Unknown
Pennsylvania,Summer
Pennsylvania,Fall
Pennsylvania,Fall
Pennsylvania,Fall
Pennsylvania,Fall
Pennsylvania,Summer
Pennsylvania,Fall
Pennsylvania,Summer
Pennsylvania,Fall
Pennsylvania,Fall
Pennsylvania,Summer
Pennsylvania,Fall
Pennsylvania,Winter
Pennsylvania,Fall
Pennsylvania,Summer
Pennsylvania,Summer
Pennsylvania,Winter
Pennsylvania,Unknown
Pennsylvania,Spring
Pennsylvania,Winter
Pennsylvania,Winter
Pennsylvania,Summer
Pennsylvania,Unknown
Pennsylvania,Summer
Pennsylvania,Winter
Pennsylvania,Fall
Pennsylvania,Winter
Pennsylvania,Fall
Pennsylvania,Summer
Pennsylvania,Fall
Pennsylvania,Winter
Pennsylvania,Spring
Pennsylvania,Summer
Pennsylvania,Summer
Pennsylvania,Fall
Pennsylvania,Winter
Pennsylvania,Winter
Pennsylvania,Spring
Pennsylvania,Summer
Pennsylvania,Spring
Pennsylvania,Spring
Pennsylvania,Summer
Pennsylvania,Winter
Pennsylvania,Winter
Pennsylvania,Fall
Pennsylvania,Summer
Pennsylvania,Summer
Pennsylvania,Fall
Pennsylvania,Summer
Pennsylvania,Spring
Pennsylvania,Spring
Pennsylvania,Fall
Pennsylvania,Winter
Pennsylvania,Summer
Pennsylvania,Fall
Pennsylvania,Spring
Pennsylvania,Spring
Pennsylvania,Summer
Pennsylvania,Summer
Pennsylvania,Fall
Pennsylvania,Summer
Pennsylvania,Fall
Pennsylvania,Summer
Pennsylvania,Summer
Pennsylvania,Summer
Pennsylvania,Fall
Pennsylvania,Winter
Rhode Island,Fall
Rhode Island,Summer
Rhode Island,Fall
Rhode Island,Fall
Rhode Island,Spring
South Carolina,Fall
South Carolina,Spring
South Carolina,Summer
South Carolina,Summer
South Carolina,Fall
South Carolina,Summer
South Carolina,Fall
South Carolina,Winter
South Carolina,Summer
South Carolina,Summer
South Carolina,Spring
South Carolina,Summer
South Carolina,Spring
South Carolina,Summer
South Carolina,Summer
South Carolina,Fall
South Carolina,Summer
South Carolina,Summer
South Carolina,Summer
South Carolina,Winter
South Carolina,Summer
South Carolina,Summer
South Carolina,Spring
South Carolina,Winter
South Carolina,Summer
South Carolina,Winter
South Carolina,Fall
South Carolina,Spring
South Carolina,Summer
South Carolina,Summer
South Carolina,Spring
South Carolina,Summer
South Carolina,Spring
South Carolina,Summer
South Carolina,Spring
South Carolina,Fall
South Carolina,Spring
South Carolina,Fall
South Carolina,Summer
South Carolina,Spring
South Carolina,Winter
South Dakota,Fall
South Dakota,Fall
South Dakota,Spring
South Dakota,Summer
South Dakota,Fall
South Dakota,Winter
South Dakota,Summer
South Dakota,Fall
South Dakota,Fall
South Dakota,Summer
South Dakota,Spring
South Dakota,Fall
South Dakota,Summer
Tennessee,Winter
Tennessee,Fall
Tennessee,Summer
Tennessee,Fall
Tennessee,Spring
Tennessee,Fall
Tennessee,Fall
Tennessee,Spring
Tennessee,Summer
Tennessee,Summer
Tennessee,Winter
Tennessee,Summer
Tennessee,Summer
Tennessee,Spring
Tennessee,Winter
Tennessee,Summer
Tennessee,Spring
Tennessee,Fall
Tennessee,Fall
Tennessee,Spring
Tennessee,Fall
Tennessee,Spring
Tennessee,Summer
Tennessee,Winter
Tennessee,Summer
Tennessee,Summer
Tennessee,Spring
Tennessee,Fall
Tennessee,Summer
Tennessee,Summer
Tennessee,Winter
Tennessee,Summer
Tennessee,Spring
Tennessee,Unknown
Tennessee,Spring
Tennessee,Summer
Tennessee,Summer
Tennessee,Fall
Tennessee,Unknown
Tennessee,Spring
Tennessee,Spring
Tennessee,Fall
Tennessee,Winter
Tennessee,Summer
Tennessee,Spring
Tennessee,Summer
Tennessee,Fall
Tennessee,Summer
Tennessee,Fall
Tennessee,Unknown
Tennessee,Summer
Tennessee,Spring
Tennessee,Summer
Tennessee,Summer
Tennessee,Fall
Tennessee,Winter
Tennessee,Spring
Tennessee,Spring
Tennessee,Fall
Tennessee,Fall
Tennessee,Spring
Tennessee,Summer
Tennessee,Spring
Tennessee,Fall
Tennessee,Spring
Tennessee,Summer
Tennessee,Fall
Tennessee,Summer
Tennessee,Fall
Tennessee,Winter
Tennessee,Spring
Tennessee,Spring
Tennessee,Summer
Tennessee,Spring
Tennessee,Summer
Tennessee,Summer
Tennessee,Summer
Tennessee,Spring
Tennessee,Summer
Tennessee,Summer
Tennessee,Fall
Tennessee,Fall
Tennessee,Summer
Tennessee,Summer
Tennessee,Fall
Tennessee,Summer
Tennessee,Winter
Tennessee,Summer
Tennessee,Summer
Tennessee,Winter
Tennessee,Spring
Tennessee,Summer
Tennessee,Fall
Tennessee,Fall
Tennessee,Fall
Tennessee,Summer
Texas,Winter
Texas,Winter
Texas,Spring
Texas,Spring
Texas,Spring
Texas,Summer
Texas,Unknown
Texas,Summer
Texas,Fall
Texas,Fall
Texas,Fall
Texas,Summer
Texas,Winter
Texas,Summer
Texas,Winter
Texas,Summer
Texas,Summer
Texas,Summer
Texas,Fall
Texas,Fall
Texas,Summer
Texas,Fall
Texas,Fall
Texas,Winter
Texas,Summer
Texas,Summer
Texas,Summer
Texas,Fall
Texas,Summer
Texas,Fall
Texas,Summer
Texas,Spring
Texas,Fall
Texas,Unknown
Texas,Winter
Texas,Summer
Texas,Spring
Texas,Spring
Texas,Spring
Texas,Fall
Texas,Summer
Texas,Fall
Texas,Winter
Texas,Summer
Texas,Fall
Texas,Fall
Texas,Winter
Texas,Fall
Texas,Fall
Texas,Fall
Texas,Winter
Texas,Summer
Texas,Fall
Texas,Summer
Texas,Fall
Texas,Summer
Texas,Fall
Texas,Summer
Texas,Winter
Texas,Spring
Texas,Spring
Texas,Spring
Texas,Summer
Texas,Fall
Texas,Winter
Texas,Fall
Texas,Summer
Texas,Summer
Texas,Fall
Texas,Fall
Texas,Winter
Texas,Fall
Texas,Spring
Texas,Winter
Texas,Fall
Texas,Spring
Texas,Summer
Texas,Summer
Texas,Summer
Texas,Spring
Texas,Winter
Texas,Spring
Texas,Spring
Texas,Unknown
Texas,Summer
Texas,Spring
Texas,Winter
Texas,Winter
Texas,Fall
Texas,Summer
Texas,Winter
Texas,Summer
Texas,Spring
Texas,Fall
Texas,Fall
Texas,Summer
Texas,Fall
Texas,Summer
Texas,Spring
Texas,Summer
Texas,Spring
Texas,Winter
Texas,Spring
Texas,Fall
Texas,Summer
Texas,Fall
Texas,Spring
Texas,Summer
Texas,Summer
Texas,Winter
Texas,Winter
Texas,Spring
Texas,Spring
Texas,Fall
Texas,Winter
Texas,Fall
Texas,Summer
Texas,Summer
Texas,Summer
Texas,Fall
Texas,Summer
Texas,Fall
Texas,Fall
Texas,Winter
Texas,Fall
Texas,Winter
Texas,Summer
Texas,Unknown
Texas,Spring
Texas,Summer
Texas,Fall
Texas,Spring
Texas,Summer
Texas,Spring
Texas,Fall
Texas,Fall
Texas,Winter
Texas,Winter
Texas,Winter
Texas,Winter
Texas,Fall
Texas,Winter
Texas,Summer
Texas,Fall
Texas,Fall
Texas,Summer
Texas,Fall
Texas,Summer
Texas,Summer
Texas,Summer
Texas,Summer
Texas,Fall
Texas,Winter
Texas,Spring
Texas,Summer
Texas,Fall
Texas,Spring
Texas,Summer
Texas,Winter
Texas,Fall
Texas,Spring
Texas,Summer
Texas,Unknown
Texas,Unknown
Texas,Spring
Texas,Winter
Texas,Summer
Texas,Winter
Texas,Fall
Texas,Unknown
Texas,Fall
Texas,Fall
Texas,Summer
Texas,Winter
Texas,Summer
Texas,Fall
Texas,Winter
Texas,Summer
Texas,Fall
Texas,Fall
Texas,Winter
Texas,Summer
Texas,Fall
Texas,Spring
Texas,Winter
Texas,Fall
Texas,Unknown
Texas,Summer
Texas,Spring
Texas,Fall
Texas,Fall
Texas,Summer
Texas,Winter
Texas,Summer
Texas,Fall
Texas,Summer
Texas,Summer
Texas,Spring
Texas,Summer
Texas,Summer
Texas,Winter
Texas,Spring
Texas,Fall
Texas,Summer
Texas,Spring
Texas,Summer
Texas,Summer
Texas,Fall
Texas,Summer
Texas,Spring
Texas,Fall
Texas,Summer
Texas,Fall
Texas,Spring
Texas,Summer
Texas,Winter
Texas,Fall
Texas,Fall
Texas,Summer
Texas,Fall
Texas,Fall
Texas,Summer
Texas,Summer
Texas,Fall
Texas,Summer
Texas,Fall
Texas,Fall
Texas,Spring
Texas,Spring
Texas,Summer
Utah,Spring
Utah,Fall
Utah,Fall
Utah,Fall
Utah,Fall
Utah,Fall
Utah,Winter
Utah,Fall
Utah,Winter
Utah,Summer
Utah,Fall
Utah,Summer
Utah,Summer
Utah,Summer
Utah,Fall
Utah,Summer
Utah,Fall
Utah,Summer
Utah,Summer
Utah,Fall
Utah,Spring
Utah,Winter
Utah,Spring
Utah,Summer
Utah,Fall
Utah,Summer
Utah,Summer
Utah,Summer
Utah,Fall
Utah,Spring
Utah,Fall
Utah,Winter
Utah,Spring
Utah,Fall
Utah,Summer
Utah,Fall
Utah,Fall
Utah,Fall
Utah,Fall
Utah,Winter
Utah,Summer
Utah,Fall
Utah,Fall
Utah,Winter
Utah,Fall
Utah,Winter
Utah,Summer
Utah,Winter
Utah,Spring
Utah,Winter
Utah,Summer
Utah,Summer
Utah,Fall
Utah,Summer
Utah,Fall
Utah,Winter
Utah,Fall
Utah,Summer
Vermont,Fall
Vermont,Spring
Vermont,Fall
Vermont,Fall
Vermont,Summer
Vermont,Winter
Vermont,Winter
Vermont,Summer
Vermont,Summer
Vermont,Summer
Virginia,Spring
Virginia,Fall
Virginia,Summer
Virginia,Spring
Virginia,Fall
Virginia,Fall
Virginia,Spring
Virginia,Summer
Virginia,Summer
Virginia,Fall
Virginia,Fall
Virginia,Summer
Virginia,Fall
Virginia,Fall
Virginia,Winter
Virginia,Spring
Virginia,Summer
Virginia,Fall
Virginia,Fall
Virginia,Spring
Virginia,Summer
Virginia,Summer
Virginia,Spring
Virginia,Winter
Virginia,Spring
Virginia,Fall
Virginia,Summer
Virginia,Winter
Virginia,Spring
Virginia,Summer
Virginia,Summer
Virginia,Spring
Virginia,Summer
Virginia,Winter
Virginia,Spring
Virginia,Spring
Virginia,Fall
Virginia,Summer
Virginia,Summer
Virginia,Spring
Virginia,Winter
Virginia,Spring
Virginia,Fall
Virginia,Winter
Virginia,Winter
Virginia,Spring
Virginia,Summer
Virginia,Fall
Virginia,Summer
Virginia,Fall
Virginia,Summer
Virginia,Summer
Virginia,Spring
Virginia,Summer
Virginia,Summer
Virginia,Summer
Virginia,Winter
Virginia,Summer
Virginia,Fall
Virginia,Spring
Virginia,Spring
Virginia,Summer
Virginia,Summer
Virginia,Winter
Virginia,Fall
Virginia,Winter
Virginia,Fall
Virginia,Summer
Virginia,Summer
Virginia,Fall
Virginia,Summer
Virginia,Summer
Virginia,Fall
Virginia,Summer
Virginia,Fall
Virginia,Winter
Virginia,Spring
Virginia,Fall
Virginia,Winter
Washington,Spring
Washington,Fall
Washington,Winter
Washington,Winter
Washington,Summer
Washington,Spring
Washington,Spring
Washington,Spring
Washington,Summer
Washington,Summer
Washington,Summer
Washington,Summer
Washington,Spring
Washington,Summer
Washington,Fall
Washington,Unknown
Washington,Summer
Washington,Fall
Washington,Winter
Washington,Summer
Washington,Fall
Washington,Winter
Washington,Summer
Washington,Summer
Washington,Summer
Washington,Fall
Washington,Summer
Washington,Summer
Washington,Fall
Washington,Winter
Washington,Summer
Washington,Winter
Washington,Summer
Washington,Summer
Washington,Fall
Washington,Summer
Washington,Fall
Washington,Summer
Washington,Fall
Washington,Summer
Washington,Summer
Washington,Winter
Washington,Summer
Washington,Winter
Washington,Spring
Washington,Summer
Washington,Fall
Washington,Fall
Washington,Spring
Washington,Summer
Washington,Spring
Washington,Fall
Washington,Spring
Washington,Spring
Washington,Winter
Washington,Summer
Washington,Fall
Washington,Summer
Washington,Spring
Washington,Fall
Washington,Fall
Washington,Fall
Washington,Fall
Washington,Summer
Washington,Summer
Washington,Unknown
Washington,Spring
Washington,Fall
Washington,Fall
Washington,Summer
Washington,Summer
Washington,Fall
Washington,Fall
Washington,Spring
Washington,Fall
Washington,Fall
Washington,Spring
Washington,Fall
Washington,Summer
Washington,Fall
Washington,Fall
Washington,Fall
Washington,Summer
Washington,Summer
Washington,Fall
Washington,Summer
Washington,Fall
Washington,Fall
Washington,Fall
Washington,Winter
Washington,Summer
Washington,Spring
Washington,Summer
Washington,Fall
Washington,Spring
Washington,Summer
Washington,Winter
Washington,Spring
Washington,Summer
Washington,Winter
Washington,Summer
Washington,Fall
Washington,Fall
Washington,Summer
Washington,Spring
Washington,Spring
Washington,Summer
Washington,Summer
Washington,Summer
Washington,Winter
Washington,Summer
Washington,Summer
Washington,Fall
Washington,Spring
Washington,Summer
Washington,Spring
Washington,Fall
Washington,Summer
Washington,Fall
Washington,Fall
Washington,Fall
Washington,Fall
Washington,Fall
Washington,Spring
Washington,Summer
Washington,Summer
Washington,Fall
Washington,Winter
Washington,Summer
Washington,Fall
Washington,Fall
Washington,Winter
Washington,Summer
Washington,Spring
Washington,Winter
Washington,Fall
Washington,Fall
Washington,Winter
Washington,Summer
Washington,Fall
Washington,Summer
Washington,Fall
Washington,Summer
Washington,Fall
Washington,Fall
Washington,Fall
Washington,Spring
Washington,Summer
Washington,Summer
Washington,Fall
Washington,Spring
Washington,Fall
Washington,Spring
Washington,Summer
Washington,Winter
Washington,Fall
Washington,Spring
Washington,Spring
Washington,Spring
Washington,Summer
Washington,Fall
Washington,Fall
Washington,Summer
Washington,Spring
Washington,Summer
Washington,Spring
Washington,Fall
Washington,Winter
Washington,Summer
Washington,Summer
Washington,Fall
Washington,Winter
Washington,Spring
Washington,Fall
Washington,Fall
Washington,Summer
Washington,Fall
Washington,Spring
Washington,Winter
Washington,Winter
Washington,Spring
Washington,Spring
Washington,Summer
Washington,Summer
Washington,Spring
Washington,Summer
Washington,Fall
Washington,Summer
Washington,Summer
Washington,Spring
Washington,Winter
Washington,Spring
Washington,Fall
Washington,Spring
Washington,Summer
Washington,Winter
Washington,Unknown
Washington,Summer
Washington,Fall
Washington,Summer
Washington,Spring
Washington,Summer
Washington,Winter
Washington,Summer
Washington,Fall
Washington,Spring
Washington,Spring
Washington,Summer
Washington,Fall
Washington,Fall
Washington,Spring
Washington,Fall
Washington,Fall
Washington,Spring
Washington,Fall
Washington,Summer
Washington,Summer
Washington,Spring
Washington,Summer
Washington,Summer
Washington,Fall
Washington,Fall
Washington,Fall
Washington,Winter
Washington,Spring
Washington,Summer
Washington,Spring
Washington,Summer
Washington,Spring
Washington,Summer
Washington,Fall
Washington,Fall
Washington,Fall
Washington,Fall
Washington,Winter
Washington,Fall
Washington,Fall
Washington,Fall
Washington,Fall
Washington,Spring
Washington,Spring
Washington,Fall
Washington,Fall
Washington,Fall
Washington,Summer
Washington,Summer
Washington,Spring
Washington,Summer
Washington,Spring
Washington,Summer
Washington,Summer
Washington,Summer
Washington,Summer
Washington,Fall
Washington,Summer
Washington,Fall
Washington,Spring
Washington,Summer
Washington,Unknown
Washington,Fall
Washington,Fall
Washington,Summer
Washington,Fall
Washington,Spring
Washington,Spring
Washington,Winter
Washington,Unknown
Washington,Spring
Washington,Unknown
Washington,Fall
Washington,Unknown
Washington,Spring
Washington,Spring
Washington,Spring
Washington,Summer
Washington,Spring
Washington,Winter
Washington,Summer
Washington,Summer
Washington,Fall
Washington,Summer
Washington,Spring
Washington,Summer
Washington,Summer
Washington,Winter
Washington,Fall
Washington,Spring
Washington,Summer
Washington,Summer
Washington,Summer
Washington,Fall
Washington,Winter
Washington,Winter
Washington,Summer
Washington,Fall
Washington,Summer
Washington,Spring
Washington,Spring
Washington,Summer
Washington,Summer
Washington,Summer
Washington,Summer
Washington,Winter
Washington,Summer
Washington,Summer
Washington,Fall
Washington,Fall
Washington,Spring
Washington,Summer
Washington,Winter
Washington,Summer
Washington,Fall
Washington,Winter
Washington,Summer
Washington,Winter
Washington,Summer
Washington,Summer
Washington,Fall
Washington,Fall
Washington,Summer
Washington,Fall
Washington,Summer
Washington,Fall
Washington,Summer
Washington,Fall
Washington,Fall
Washington,Fall
Washington,Summer
Washington,Summer
Washington,Summer
Washington,Fall
Washington,Spring
Washington,Summer
Washington,Summer
Washington,Spring
Washington,Spring
Washington,Spring
Washington,Winter
Washington,Spring
Washington,Summer
Washington,Spring
Washington,Winter
Washington,Winter
Washington,Spring
Washington,Spring
Washington,Fall
Washington,Summer
Washington,Summer
Washington,Summer
Washington,Summer
Washington,Fall
Washington,Fall
Washington,Summer
Washington,Fall
Washington,Summer
Washington,Summer
Washington,Summer
Washington,Summer
Washington,Summer
Washington,Winter
Washington,Summer
Washington,Winter
Washington,Summer
Washington,Summer
Washington,Fall
Washington,Summer
Washington,Fall
Washington,Summer
Washington,Summer
Washington,Summer
Washington,Winter
Washington,Summer
Washington,Fall
Washington,Summer
Washington,Fall
Washington,Summer
Washington,Summer
Washington,Fall
Washington,Summer
Washington,Summer
Washington,Spring
Washington,Summer
Washington,Winter
Washington,Summer
Washington,Spring
Washington,Fall
Washington,Summer
Washington,Spring
Washington,Summer
Washington,Summer
Washington,Spring
Washington,Summer
Washington,Summer
Washington,Fall
Washington,Summer
Washington,Summer
Washington,Winter
Washington,Summer
Washington,Spring
Washington,Summer
Washington,Winter
Washington,Summer
Washington,Summer
Washington,Summer
Washington,Summer
Washington,Summer
Washington,Summer
Washington,Winter
Washington,Fall
Washington,Spring
Washington,Spring
Washington,Unknown
Washington,Spring
Washington,Summer
Washington,Fall
Washington,Summer
Washington,Unknown
Washington,Fall
Washington,Fall
Washington,Fall
Washington,Fall
Washington,Summer
Washington,Summer
Washington,Winter
Washington,Fall
Washington,Summer
Washington,Winter
Washington,Summer
Washington,Summer
Washington,Winter
Washington,Summer
Washington,Summer
Washington,Spring
Washington,Fall
Washington,Winter
Washington,Summer
Washington,Summer
Washington,Summer
Washington,Summer
Washington,Spring
Washington,Summer
Washington,Fall
Washington,Fall
Washington,Summer
Washington,Summer
Washington,Spring
Washington,Spring
Washington,Summer
Washington,Summer
Washington,Fall
Washington,Summer
Washington,Fall
Washington,Summer
Washington,Fall
Washington,Summer
Washington,Summer
Washington,Spring
Washington,Fall
Washington,Fall
Washington,Fall
Washington,Summer
Washington,Spring
Washington,Summer
Washington,Summer
Washington,Spring
Washington,Spring
Washington,Fall
Washington,Winter
Washington,Summer
Washington,Spring
Washington,Summer
Washington,Fall
Washington,Fall
Washington,Winter
Washington,Summer
Washington,Summer
Washington,Summer
Washington,Summer
Washington,Summer
Washington,Winter
Washington,Fall
Washington,Summer
Washington,Summer
Washington,Fall
Washington,Spring
Washington,Spring
Washington,Spring
Washington,Summer
Washington,Summer
Washington,Summer
Washington,Fall
Washington,Spring
Washington,Winter
Washington,Fall
Washington,Spring
Washington,Winter
Washington,Fall
Washington,Fall
Washington,Spring
Washington,Fall
Washington,Fall
Washington,Winter
Washington,Fall
Washington,Summer
Washington,Fall
Washington,Winter
Washington,Fall
Washington,Fall
Washington,Spring
Washington,Spring
Washington,Summer
Washington,Fall
Washington,Spring
Washington,Summer
Washington,Spring
Washington,Fall
Washington,Spring
Washington,Summer
Washington,Spring
Washington,Fall
Washington,Summer
Washington,Winter
Washington,Summer
Washington,Spring
Washington,Summer
Washington,Spring
Washington,Fall
Washington,Summer
Washington,Summer
Washington,Winter
Washington,Summer
Washington,Summer
Washington,Fall
Washington,Winter
Washington,Spring
Washington,Winter
Washington,Fall
Washington,Spring
Washington,Summer
Washington,Fall
Washington,Summer
Washington,Spring
Washington,Summer
Washington,Spring
Washington,Summer
Washington,Spring
Washington,Summer
Washington,Spring
Washington,Summer
Washington,Summer
Washington,Summer
Washington,Fall
Washington,Spring
Washington,Summer
Washington,Summer
Washington,Fall
Washington,Spring
Washington,Winter
Washington,Summer
Washington,Summer
Washington,Winter
Washington,Spring
Washington,Fall
Washington,Spring
Washington,Summer
Washington,Summer
Washington,Fall
Washington,Summer
Washington,Spring
Washington,Summer
Washington,Summer
Washington,Fall
Washington,Fall
Washington,Summer
Washington,Fall
Washington,Winter
Washington,Summer
Washington,Winter
Washington,Summer
Washington,Summer
Washington,Winter
Washington,Fall
Washington,Winter
Washington,Winter
Washington,Summer
Washington,Unknown
Washington,Summer
Washington,Fall
Washington,Summer
Washington,Summer
Washington,Spring
Washington,Summer
Washington,Fall
Washington,Winter
Washington,Spring
Washington,Winter
Washington,Spring
Washington,Fall
Washington,Fall
Washington,Summer
Washington,Fall
West Virginia,Winter
West Virginia,Fall
West Virginia,Summer
West Virginia,Summer
West Virginia,Fall
West Virginia,Summer
West Virginia,Fall
West Virginia,Fall
West Virginia,Fall
West Virginia,Winter
West Virginia,Summer
West Virginia,Fall
West Virginia,Fall
West Virginia,Fall
West Virginia,Winter
West Virginia,Summer
West Virginia,Summer
West Virginia,Winter
West Virginia,Summer
West Virginia,Fall
West Virginia,Fall
West Virginia,Fall
West Virginia,Winter
West Virginia,Summer
West Virginia,Fall
West Virginia,Summer
West Virginia,Winter
West Virginia,Winter
West Virginia,Summer
West Virginia,Summer
West Virginia,Summer
West Virginia,Winter
West Virginia,Summer
West Virginia,Winter
West Virginia,Fall
West Virginia,Fall
West Virginia,Spring
West Virginia,Spring
West Virginia,Spring
West Virginia,Summer
West Virginia,Fall
West Virginia,Fall
West Virginia,Winter
West Virginia,Spring
West Virginia,Fall
West Virginia,Summer
West Virginia,Winter
West Virginia,Winter
West Virginia,Summer
West Virginia,Summer
West Virginia,Summer
West Virginia,Summer
West Virginia,Summer
West Virginia,Summer
West Virginia,Spring
West Virginia,Summer
West Virginia,Summer
West Virginia,Winter
West Virginia,Fall
West Virginia,Fall
West Virginia,Summer
West Virginia,Fall
West Virginia,Winter
West Virginia,Spring
West Virginia,Fall
West Virginia,Summer
West Virginia,Fall
West Virginia,Winter
West Virginia,Winter
West Virginia,Summer
West Virginia,Spring
West Virginia,Summer
West Virginia,Spring
West Virginia,Spring
West Virginia,Fall
West Virginia,Fall
West Virginia,Fall
West Virginia,Summer
West Virginia,Fall
West Virginia,Summer
West Virginia,Summer
West Virginia,Summer
West Virginia,Winter
West Virginia,Fall
West Virginia,Winter
West Virginia,Spring
West Virginia,Winter
West Virginia,Fall
West Virginia,Fall
West Virginia,Summer
West Virginia,Fall
West Virginia,Spring
West Virginia,Summer
West Virginia,Summer
West Virginia,Fall
West Virginia,Summer
West Virginia,Fall
West Virginia,Fall
West Virginia,Summer
West Virginia,Spring
West Virginia,Summer
West Virginia,Spring
West Virginia,Fall
Wisconsin,Winter
Wisconsin,Winter
Wisconsin,Summer
Wisconsin,Fall
Wisconsin,Winter
Wisconsin,Summer
Wisconsin,Fall
Wisconsin,Fall
Wisconsin,Fall
Wisconsin,Spring
Wisconsin,Summer
Wisconsin,Summer
Wisconsin,Summer
Wisconsin,Fall
Wisconsin,Spring
Wisconsin,Summer
Wisconsin,Summer
Wisconsin,Fall
Wisconsin,Summer
Wisconsin,Summer
Wisconsin,Summer
Wisconsin,Summer
Wisconsin,Spring
Wisconsin,Fall
Wisconsin,Summer
Wisconsin,Unknown
Wisconsin,Summer
Wisconsin,Winter
Wisconsin,Summer
Wisconsin,Fall
Wisconsin,Fall
Wisconsin,Spring
Wisconsin,Fall
Wisconsin,Winter
Wisconsin,Summer
Wisconsin,Spring
Wisconsin,Fall
Wisconsin,Summer
Wisconsin,Summer
Wisconsin,Summer
Wisconsin,Summer
Wisconsin,Fall
Wisconsin,Summer
Wisconsin,Fall
Wisconsin,Summer
Wisconsin,Fall
Wisconsin,Fall
Wisconsin,Winter
Wisconsin,Summer
Wisconsin,Summer
Wisconsin,Summer
Wisconsin,Spring
Wisconsin,Summer
Wisconsin,Winter
Wisconsin,Summer
Wisconsin,Fall
Wisconsin,Summer
Wisconsin,Fall
Wisconsin,Summer
Wisconsin,Spring
Wisconsin,Fall
Wisconsin,Fall
Wisconsin,Winter
Wisconsin,Fall
Wisconsin,Fall
Wisconsin,Summer
Wisconsin,Summer
Wisconsin,Fall
Wisconsin,Fall
Wisconsin,Fall
Wisconsin,Fall
Wisconsin,Spring
Wisconsin,Summer
Wisconsin,Fall
Wisconsin,Fall
Wisconsin,Summer
Wisconsin,Spring
Wisconsin,Spring
Wisconsin,Fall
Wisconsin,Winter
Wisconsin,Fall
Wisconsin,Fall
Wisconsin,Fall
Wisconsin,Unknown
Wisconsin,Summer
Wyoming,Summer
Wyoming,Winter
Wyoming,Winter
Wyoming,Summer
Wyoming,Fall
Wyoming,Unknown
Wyoming,Fall
Wyoming,Spring
Wyoming,Spring
Wyoming,Fall
Wyoming,Summer
Wyoming,Fall
Wyoming,Fall
Wyoming,Winter
Wyoming,Fall
Wyoming,Spring
Wyoming,Spring
Wyoming,Summer
Wyoming,Fall
Wyoming,Summer
Wyoming,Summer
Wyoming,Summer
Wyoming,Summer
Wyoming,Fall
Wyoming,Summer
Wyoming,Summer
Wyoming,Winter
,
